Date,3A11 Rainfall (inches)
08/08/2010,0.52
09/08/2010,0.38
10/08/2010,0.62
11/08/2010,0
12/08/2010,0
13/08/2010,0.41
14/08/2010,0
15/08/2010,0.52
16/08/2010,0.1
17/08/2010,2.07
18/08/2010,0
19/08/2010,1.8
20/08/2010,0
21/08/2010,0.78
22/08/2010,1.58
23/08/2010,0.01
24/08/2010,0
25/08/2010,0.1
26/08/2010,0.78
27/08/2010,0
28/08/2010,0
29/08/2010,0.31
30/08/2010,0.36
31/08/2010,0
01/09/2010,0
02/09/2010,0
03/09/2010,0
04/09/2010,0
05/09/2010,0.74
06/09/2010,0.52
07/09/2010,0.41
08/09/2010,0.1
09/09/2010,1.28
10/09/2010,0.05
11/09/2010,0
12/09/2010,0
13/09/2010,0
14/09/2010,0
15/09/2010,0
16/09/2010,0
17/09/2010,0.04
18/09/2010,0
19/09/2010,0
20/09/2010,0
21/09/2010,0.01
22/09/2010,0
23/09/2010,1.03
24/09/2010,0.08
25/09/2010,0.22
26/09/2010,0
27/09/2010,0.02
28/09/2010,0.52
29/09/2010,0.56
30/09/2010,0
01/10/2010,0
02/10/2010,0
03/10/2010,0
04/10/2010,0
05/10/2010,0
06/10/2010,0
07/10/2010,0
08/10/2010,0
09/10/2010,0
10/10/2010,0
11/10/2010,0
12/10/2010,0
13/10/2010,0
14/10/2010,0.03
15/10/2010,0
16/10/2010,0
17/10/2010,0
18/10/2010,0
19/10/2010,0
20/10/2010,0
21/10/2010,0
22/10/2010,0
23/10/2010,0
24/10/2010,0.32
25/10/2010,0
26/10/2010,0
27/10/2010,0
28/10/2010,0
29/10/2010,0
30/10/2010,0
31/10/2010,0
01/11/2010,0.38
02/11/2010,0
03/11/2010,0.58
04/11/2010,0.23
05/11/2010,0
06/11/2010,0
07/11/2010,0
08/11/2010,0
09/11/2010,0
10/11/2010,0
11/11/2010,0
12/11/2010,0
13/11/2010,0
14/11/2010,0
15/11/2010,0
16/11/2010,0
17/11/2010,0
18/11/2010,0
19/11/2010,0
20/11/2010,0
21/11/2010,0
22/11/2010,0.03
23/11/2010,0
24/11/2010,0.1
25/11/2010,0
26/11/2010,0
27/11/2010,0
28/11/2010,0
29/11/2010,0
30/11/2010,0
01/12/2010,0
02/12/2010,0
03/12/2010,0
04/12/2010,0
05/12/2010,0
06/12/2010,0
07/12/2010,0
08/12/2010,0
09/12/2010,0.01
10/12/2010,0
11/12/2010,0
12/12/2010,0
13/12/2010,0
14/12/2010,0
15/12/2010,0
16/12/2010,0
17/12/2010,0
18/12/2010,0.36
19/12/2010,0
20/12/2010,0
21/12/2010,0
22/12/2010,0
23/12/2010,0
24/12/2010,0
25/12/2010,0
26/12/2010,0.27
27/12/2010,0
28/12/2010,0
29/12/2010,0
30/12/2010,0
31/12/2010,0
01/01/2011,0
02/01/2011,0
03/01/2011,0
04/01/2011,0
05/01/2011,0
06/01/2011,0.11
07/01/2011,0
08/01/2011,0
09/01/2011,0
10/01/2011,0
11/01/2011,0
12/01/2011,0
13/01/2011,0
14/01/2011,0
15/01/2011,0
16/01/2011,0
17/01/2011,0.37
18/01/2011,0
19/01/2011,0.01
20/01/2011,0.03
21/01/2011,0.05
22/01/2011,0
23/01/2011,0
24/01/2011,0
25/01/2011,0.73
26/01/2011,0.02
27/01/2011,0
28/01/2011,0
29/01/2011,0
30/01/2011,0
31/01/2011,0
01/02/2011,0
02/02/2011,0
03/02/2011,0
04/02/2011,0
05/02/2011,0
06/02/2011,0
07/02/2011,0
08/02/2011,0
09/02/2011,0
10/02/2011,0
11/02/2011,0.05
12/02/2011,0.04
13/02/2011,0
14/02/2011,0
15/02/2011,0
16/02/2011,0
17/02/2011,0
18/02/2011,0
19/02/2011,0
20/02/2011,0
21/02/2011,0
22/02/2011,0
23/02/2011,0
24/02/2011,0
25/02/2011,0
26/02/2011,0
27/02/2011,0
28/02/2011,0
01/03/2011,0.06
02/03/2011,0
03/03/2011,0
04/03/2011,0
05/03/2011,0.02
06/03/2011,0
07/03/2011,0
08/03/2011,0
09/03/2011,0
10/03/2011,0.13
11/03/2011,0
12/03/2011,0
13/03/2011,0
14/03/2011,0
15/03/2011,0
16/03/2011,0
17/03/2011,0
18/03/2011,0
19/03/2011,0
20/03/2011,0
21/03/2011,0
22/03/2011,0
23/03/2011,0
24/03/2011,0
25/03/2011,0
26/03/2011,0
27/03/2011,0
28/03/2011,0.94
29/03/2011,0.96
30/03/2011,0
31/03/2011,0
01/04/2011,0.06
02/04/2011,0.13
03/04/2011,0
04/04/2011,0
05/04/2011,0.1
06/04/2011,0
07/04/2011,0
08/04/2011,0
09/04/2011,0
10/04/2011,0
11/04/2011,0
12/04/2011,0
13/04/2011,0
14/04/2011,0
15/04/2011,0.14
16/04/2011,0
17/04/2011,0
18/04/2011,0
19/04/2011,0
20/04/2011,0
21/04/2011,0
22/04/2011,0
23/04/2011,0
24/04/2011,0
25/04/2011,0
26/04/2011,0
27/04/2011,0
28/04/2011,0.04
29/04/2011,0.39
30/04/2011,0.14
01/05/2011,0.08
02/05/2011,0
03/05/2011,0
04/05/2011,0
05/05/2011,0.17
06/05/2011,0.03
07/05/2011,0
08/05/2011,0
09/05/2011,0
10/05/2011,0
11/05/2011,0
12/05/2011,0.04
13/05/2011,0
14/05/2011,0.33
15/05/2011,0.12
16/05/2011,0
17/05/2011,0
18/05/2011,0
19/05/2011,0.29
20/05/2011,0
21/05/2011,0
22/05/2011,0
23/05/2011,0
24/05/2011,0
25/05/2011,0
26/05/2011,0
27/05/2011,0.08
28/05/2011,0
29/05/2011,0
30/05/2011,0
31/05/2011,0
01/06/2011,0
02/06/2011,0
03/06/2011,0
04/06/2011,0
05/06/2011,0
06/06/2011,0
07/06/2011,0
08/06/2011,0
09/06/2011,0
10/06/2011,0
11/06/2011,0
12/06/2011,0
13/06/2011,0.36
14/06/2011,0
15/06/2011,0.13
16/06/2011,0
17/06/2011,0.14
18/06/2011,0
19/06/2011,0.2
20/06/2011,0.04
21/06/2011,0
22/06/2011,0
23/06/2011,0.58
24/06/2011,0.33
25/06/2011,0.22
26/06/2011,0.57
27/06/2011,0
28/06/2011,0.64
29/06/2011,0.62
30/06/2011,0
01/07/2011,0.25
02/07/2011,0.19
03/07/2011,0.04
04/07/2011,0.02
05/07/2011,0
06/07/2011,0.46
07/07/2011,0.7
08/07/2011,1.24
09/07/2011,0.02
10/07/2011,0.02
11/07/2011,1.1
12/07/2011,0.25
13/07/2011,0.36
14/07/2011,0.87
15/07/2011,0.01
16/07/2011,0.14
17/07/2011,0
18/07/2011,0.23
19/07/2011,0.11
20/07/2011,0.02
21/07/2011,0
22/07/2011,0.14
23/07/2011,0
24/07/2011,0
25/07/2011,0.02
26/07/2011,0.18
27/07/2011,0.03
28/07/2011,0.03
29/07/2011,0
30/07/2011,0
31/07/2011,0
01/08/2011,1.62
02/08/2011,0.22
03/08/2011,2.9
04/08/2011,0.66
05/08/2011,0
06/08/2011,0
07/08/2011,0.76
08/08/2011,0.64
09/08/2011,0.75
10/08/2011,0.34
11/08/2011,0.01
12/08/2011,0.11
13/08/2011,1.13
14/08/2011,0
15/08/2011,0.03
16/08/2011,0.56
17/08/2011,0.49
18/08/2011,0.05
19/08/2011,0.12
20/08/2011,0.17
21/08/2011,0.13
22/08/2011,0
23/08/2011,0.25
24/08/2011,0
25/08/2011,0.54
26/08/2011,0.39
27/08/2011,0.03
28/08/2011,0.05
29/08/2011,0.11
30/08/2011,0.16
31/08/2011,1.52
01/09/2011,1.69
02/09/2011,0.07
03/09/2011,0
04/09/2011,0.03
05/09/2011,0
06/09/2011,0.04
07/09/2011,0.07
08/09/2011,0
09/09/2011,0.02
10/09/2011,0
11/09/2011,0.04
12/09/2011,0
13/09/2011,0.08
14/09/2011,0
15/09/2011,0
16/09/2011,0
17/09/2011,0
18/09/2011,0
19/09/2011,0.09
20/09/2011,0
21/09/2011,0
22/09/2011,0.33
23/09/2011,0.06
24/09/2011,0.27
25/09/2011,0.15
26/09/2011,0.15
27/09/2011,0.03
28/09/2011,0.01
29/09/2011,0
30/09/2011,0.61
01/10/2011,0
02/10/2011,0
03/10/2011,0
04/10/2011,0
05/10/2011,0
06/10/2011,0
07/10/2011,0.07
08/10/2011,1.03
09/10/2011,1.08
10/10/2011,0
11/10/2011,0
12/10/2011,0
13/10/2011,0
14/10/2011,0
15/10/2011,0
16/10/2011,0.28
17/10/2011,0.3
18/10/2011,1.61
19/10/2011,0.07
20/10/2011,0
21/10/2011,0
22/10/2011,0
23/10/2011,0
24/10/2011,0
25/10/2011,0
26/10/2011,0
27/10/2011,0
28/10/2011,3.8
29/10/2011,0.31
30/10/2011,0.69
31/10/2011,0.66
01/11/2011,0
02/11/2011,0
03/11/2011,0
04/11/2011,0
05/11/2011,0
06/11/2011,0
07/11/2011,0
08/11/2011,0
09/11/2011,0
10/11/2011,0
11/11/2011,0
12/11/2011,0
13/11/2011,0
14/11/2011,0
15/11/2011,0
16/11/2011,0
17/11/2011,0
18/11/2011,0.26
19/11/2011,0
20/11/2011,0.01
21/11/2011,0.11
22/11/2011,0
23/11/2011,0
24/11/2011,0
25/11/2011,0
26/11/2011,0
27/11/2011,0
28/11/2011,0.01
29/11/2011,0
30/11/2011,0
01/12/2011,0
02/12/2011,0
03/12/2011,0
04/12/2011,0
05/12/2011,0.01
06/12/2011,0
07/12/2011,0
08/12/2011,0
09/12/2011,0
10/12/2011,0.01
11/12/2011,0.2
12/12/2011,0
13/12/2011,0.02
14/12/2011,0
15/12/2011,0
16/12/2011,0
17/12/2011,0
18/12/2011,0
19/12/2011,0
20/12/2011,0
21/12/2011,0
22/12/2011,0
23/12/2011,0
24/12/2011,0.02
25/12/2011,0
26/12/2011,0
27/12/2011,0
28/12/2011,0
29/12/2011,0
30/12/2011,0
31/12/2011,0
01/01/2012,0
02/01/2012,0.01
03/01/2012,0
04/01/2012,0
05/01/2012,0
06/01/2012,0
07/01/2012,0
08/01/2012,0
09/01/2012,0
10/01/2012,0
11/01/2012,0
12/01/2012,0
13/01/2012,0
14/01/2012,0
15/01/2012,0
16/01/2012,0
17/01/2012,0
18/01/2012,0
19/01/2012,0
20/01/2012,0
21/01/2012,0
22/01/2012,0
23/01/2012,0
24/01/2012,0
25/01/2012,0
26/01/2012,0
27/01/2012,0.01
28/01/2012,0
29/01/2012,0
30/01/2012,0
31/01/2012,0
01/02/2012,0
02/02/2012,0.05
03/02/2012,0
04/02/2012,0
05/02/2012,0
06/02/2012,0.52
07/02/2012,0.12
08/02/2012,0
09/02/2012,0
10/02/2012,0
11/02/2012,0.37
12/02/2012,0
13/02/2012,0
14/02/2012,0
15/02/2012,0
16/02/2012,0
17/02/2012,0
18/02/2012,0
19/02/2012,0
20/02/2012,0
21/02/2012,0
22/02/2012,0
23/02/2012,0
24/02/2012,0
25/02/2012,0
26/02/2012,0
27/02/2012,0
28/02/2012,0.02
29/02/2012,0
01/03/2012,0
02/03/2012,0
03/03/2012,0
04/03/2012,0.06
05/03/2012,0
06/03/2012,0
07/03/2012,0.15
08/03/2012,0.09
09/03/2012,0.11
10/03/2012,0.69
11/03/2012,0.1
12/03/2012,0
13/03/2012,0
14/03/2012,0
15/03/2012,0.01
16/03/2012,0
17/03/2012,0
18/03/2012,0
19/03/2012,0
20/03/2012,0
21/03/2012,0.01
22/03/2012,0
23/03/2012,0
24/03/2012,0
25/03/2012,0
26/03/2012,0
27/03/2012,0
28/03/2012,0
29/03/2012,0
30/03/2012,0
31/03/2012,0
01/04/2012,0
02/04/2012,0
03/04/2012,0
04/04/2012,0
05/04/2012,0.08
06/04/2012,0.31
07/04/2012,0
08/04/2012,0
09/04/2012,0
10/04/2012,0
11/04/2012,0
12/04/2012,0
13/04/2012,0.46
14/04/2012,0.37
15/04/2012,0
16/04/2012,0
17/04/2012,0
18/04/2012,0
19/04/2012,0
20/04/2012,1.13
21/04/2012,0.26
22/04/2012,0.31
23/04/2012,0
24/04/2012,0
25/04/2012,0
26/04/2012,0
27/04/2012,0
28/04/2012,0.03
29/04/2012,0.98
30/04/2012,0.17
01/05/2012,0.03
02/05/2012,0
03/05/2012,0
04/05/2012,0
05/05/2012,0
06/05/2012,0
07/05/2012,0
08/05/2012,1.13
09/05/2012,0.02
10/05/2012,0
11/05/2012,0.01
12/05/2012,0
13/05/2012,0.28
14/05/2012,0.07
15/05/2012,0.04
16/05/2012,0.2
17/05/2012,0.06
18/05/2012,0.23
19/05/2012,0.44
20/05/2012,0.11
21/05/2012,0.01
22/05/2012,1.34
23/05/2012,0
24/05/2012,0.18
25/05/2012,0
26/05/2012,0.03
27/05/2012,0.12
28/05/2012,0.66
29/05/2012,0
30/05/2012,0
31/05/2012,0.22
01/06/2012,0.7
02/06/2012,0.07
03/06/2012,0
04/06/2012,0
05/06/2012,0
06/06/2012,0.11
07/06/2012,0.01
08/06/2012,0.04
09/06/2012,0.04
10/06/2012,0
11/06/2012,0
12/06/2012,0
13/06/2012,0.02
14/06/2012,0
15/06/2012,0.02
16/06/2012,0
17/06/2012,0
18/06/2012,0
19/06/2012,0.01
20/06/2012,0.75
21/06/2012,0
22/06/2012,1.78
23/06/2012,0.6
24/06/2012,0.16
25/06/2012,0
26/06/2012,0
27/06/2012,0
28/06/2012,0
29/06/2012,0
30/06/2012,0
01/07/2012,0.01
02/07/2012,0
03/07/2012,0.16
04/07/2012,0.34
05/07/2012,0.43
06/07/2012,0.03
07/07/2012,0
08/07/2012,0.01
09/07/2012,0
10/07/2012,0.24
11/07/2012,0.25
12/07/2012,0.02
13/07/2012,0
14/07/2012,0.16
15/07/2012,0.12
16/07/2012,2.69
17/07/2012,0.02
18/07/2012,0
19/07/2012,0
20/07/2012,0
21/07/2012,0.03
22/07/2012,0.95
23/07/2012,0.92
24/07/2012,0.14
25/07/2012,0
26/07/2012,0
27/07/2012,0
28/07/2012,0
29/07/2012,0
30/07/2012,0.07
31/07/2012,0
01/08/2012,0.01
02/08/2012,0.05
03/08/2012,0
04/08/2012,0.94
05/08/2012,0
06/08/2012,0.12
07/08/2012,0
08/08/2012,0
09/08/2012,0
10/08/2012,0.06
11/08/2012,1.15
12/08/2012,0.27
13/08/2012,0.23
14/08/2012,0.25
15/08/2012,0
16/08/2012,0.06
17/08/2012,0
18/08/2012,0.01
19/08/2012,0.17
20/08/2012,0
21/08/2012,0.7
22/08/2012,0
23/08/2012,0
24/08/2012,0.1
25/08/2012,0.38
26/08/2012,3.94
27/08/2012,0.06
28/08/2012,0.45
29/08/2012,0.18
30/08/2012,0
31/08/2012,0
01/09/2012,0
02/09/2012,0
03/09/2012,0.48
04/09/2012,1.02
05/09/2012,0.06
06/09/2012,0.1
07/09/2012,0.13
08/09/2012,0
09/09/2012,0
10/09/2012,0.39
11/09/2012,0.28
12/09/2012,0
13/09/2012,0.27
14/09/2012,0
15/09/2012,0.01
16/09/2012,0.04
17/09/2012,0.91
18/09/2012,0.2
19/09/2012,0
20/09/2012,0.07
21/09/2012,0.02
22/09/2012,1.21
23/09/2012,0.01
24/09/2012,0
25/09/2012,0
26/09/2012,0.02
27/09/2012,0
28/09/2012,0.05
29/09/2012,0
30/09/2012,0.01
01/10/2012,0.2
02/10/2012,0.86
03/10/2012,0.11
04/10/2012,0.17
05/10/2012,0
06/10/2012,0.4
07/10/2012,0.13
08/10/2012,0
09/10/2012,0
10/10/2012,0
11/10/2012,0
12/10/2012,0
13/10/2012,0
14/10/2012,0
15/10/2012,0.22
16/10/2012,0
17/10/2012,0.54
18/10/2012,0
19/10/2012,0
20/10/2012,0
21/10/2012,0
22/10/2012,0
23/10/2012,0
24/10/2012,0.04
25/10/2012,0.55
26/10/2012,0.02
27/10/2012,0
28/10/2012,0
29/10/2012,0
30/10/2012,0
31/10/2012,0
01/11/2012,0
02/11/2012,0
03/11/2012,0
04/11/2012,0
05/11/2012,0
06/11/2012,0
07/11/2012,0
08/11/2012,0
09/11/2012,0
10/11/2012,0
11/11/2012,0.03
12/11/2012,0.11
13/11/2012,0
14/11/2012,0
15/11/2012,0
16/11/2012,0
17/11/2012,0
18/11/2012,0
19/11/2012,0
20/11/2012,0
21/11/2012,0
22/11/2012,0
23/11/2012,0
24/11/2012,0
25/11/2012,0
26/11/2012,0
27/11/2012,0
28/11/2012,0
29/11/2012,0
30/11/2012,0
01/12/2012,0
02/12/2012,0
03/12/2012,0
04/12/2012,0
05/12/2012,0
06/12/2012,0.02
07/12/2012,0
08/12/2012,0.05
09/12/2012,0
10/12/2012,0
11/12/2012,0.91
12/12/2012,0
13/12/2012,0
14/12/2012,0
15/12/2012,0
16/12/2012,0
17/12/2012,0
18/12/2012,0
19/12/2012,0
20/12/2012,0
21/12/2012,0
22/12/2012,0
23/12/2012,0
24/12/2012,0
25/12/2012,0
26/12/2012,0.04
27/12/2012,0
28/12/2012,0
29/12/2012,0
30/12/2012,0
31/12/2012,0
01/01/2013,0
02/01/2013,0
03/01/2013,0
04/01/2013,0
05/01/2013,0
06/01/2013,0
07/01/2013,0
08/01/2013,0.01
09/01/2013,0
10/01/2013,0
11/01/2013,0
12/01/2013,0
13/01/2013,0
14/01/2013,0
15/01/2013,0
16/01/2013,0.04
17/01/2013,0
18/01/2013,0
19/01/2013,0.01
20/01/2013,0
21/01/2013,0
22/01/2013,0
23/01/2013,0
24/01/2013,0
25/01/2013,0
26/01/2013,0
27/01/2013,0
28/01/2013,0
29/01/2013,0
30/01/2013,0
31/01/2013,0.02
01/02/2013,0
02/02/2013,0
03/02/2013,0
04/02/2013,0
05/02/2013,0
06/02/2013,0
07/02/2013,0
08/02/2013,0
09/02/2013,0
10/02/2013,0
11/02/2013,0
12/02/2013,0
13/02/2013,0
14/02/2013,1.16
15/02/2013,0.09
16/02/2013,0
17/02/2013,0
18/02/2013,0
19/02/2013,0.06
20/02/2013,0
21/02/2013,0
22/02/2013,0
23/02/2013,0.41
24/02/2013,0
25/02/2013,0.12
26/02/2013,0
27/02/2013,0.23
28/02/2013,0
01/03/2013,0
02/03/2013,0
03/03/2013,0.03
04/03/2013,0
05/03/2013,0
06/03/2013,0
07/03/2013,0
08/03/2013,0
09/03/2013,0
10/03/2013,0
11/03/2013,0
12/03/2013,0
13/03/2013,0
14/03/2013,0
15/03/2013,0
16/03/2013,0
17/03/2013,0
18/03/2013,0.35
19/03/2013,0.02
20/03/2013,0
21/03/2013,0
22/03/2013,0.11
23/03/2013,0.28
24/03/2013,0.01
25/03/2013,0
26/03/2013,0
27/03/2013,0
28/03/2013,0
29/03/2013,0
30/03/2013,0
31/03/2013,0
01/04/2013,0.18
02/04/2013,0
03/04/2013,0
04/04/2013,0.63
05/04/2013,0.48
06/04/2013,0
07/04/2013,0
08/04/2013,0
09/04/2013,0
10/04/2013,0
11/04/2013,0
12/04/2013,0
13/04/2013,0.46
14/04/2013,0
15/04/2013,1.01
16/04/2013,0.42
17/04/2013,0
18/04/2013,0
19/04/2013,0.06
20/04/2013,0.99
21/04/2013,1.93
22/04/2013,1.35
23/04/2013,0
24/04/2013,0
25/04/2013,0
26/04/2013,0
27/04/2013,0
28/04/2013,0
29/04/2013,0.12
30/04/2013,0.09
01/05/2013,0.67
02/05/2013,0.83
03/05/2013,0.02
04/05/2013,0
05/05/2013,0
06/05/2013,0
07/05/2013,0
08/05/2013,0
09/05/2013,0
10/05/2013,0.6
11/05/2013,0.55
12/05/2013,0.27
13/05/2013,0
14/05/2013,0
15/05/2013,0
16/05/2013,0
17/05/2013,0
18/05/2013,0.12
19/05/2013,0
20/05/2013,0.12
21/05/2013,0
22/05/2013,0.5
23/05/2013,0
24/05/2013,0
25/05/2013,0
26/05/2013,0
27/05/2013,0
28/05/2013,0.07
29/05/2013,0.07
30/05/2013,0.02
31/05/2013,0.03
01/06/2013,1.94
02/06/2013,0.83
03/06/2013,0
04/06/2013,0
05/06/2013,0.43
06/06/2013,2.78
07/06/2013,0.62
08/06/2013,1.19
09/06/2013,0
10/06/2013,0
11/06/2013,0.04
12/06/2013,0.12
13/06/2013,0
14/06/2013,0.02
15/06/2013,0
16/06/2013,0
17/06/2013,0
18/06/2013,0.97
19/06/2013,0
20/06/2013,0.09
21/06/2013,0
22/06/2013,0
23/06/2013,0.29
24/06/2013,0.04
25/06/2013,0.01
26/06/2013,0
27/06/2013,0
28/06/2013,0.31
29/06/2013,0.01
30/06/2013,0.48
01/07/2013,0.69
02/07/2013,0.05
03/07/2013,0.81
04/07/2013,0.06
05/07/2013,0.73
06/07/2013,0
07/07/2013,0.01
08/07/2013,0
09/07/2013,0.49
10/07/2013,0.21
11/07/2013,0.12
12/07/2013,0.04
13/07/2013,1.7
14/07/2013,0.85
15/07/2013,0
16/07/2013,0.18
17/07/2013,0.47
18/07/2013,0.64
19/07/2013,0
20/07/2013,0.47
21/07/2013,0.91
22/07/2013,0
23/07/2013,0
24/07/2013,0
25/07/2013,0
26/07/2013,0.27
27/07/2013,0.76
28/07/2013,0
29/07/2013,0
30/07/2013,0.01
31/07/2013,0.03
01/08/2013,0
02/08/2013,0.04
03/08/2013,0.1
04/08/2013,0.04
05/08/2013,1.03
06/08/2013,0.08
07/08/2013,0
08/08/2013,0
09/08/2013,0.36
10/08/2013,0
11/08/2013,0
12/08/2013,0
13/08/2013,0
14/08/2013,0
15/08/2013,0.19
16/08/2013,0
17/08/2013,0.03
18/08/2013,0.06
19/08/2013,0
20/08/2013,0
21/08/2013,0.18
22/08/2013,0.12
23/08/2013,0.21
24/08/2013,0.29
25/08/2013,0
26/08/2013,0
27/08/2013,0.11
28/08/2013,0.22
29/08/2013,0
30/08/2013,0
31/08/2013,0.07
01/09/2013,0
02/09/2013,0.02
03/09/2013,0
04/09/2013,0.13
05/09/2013,0.24
06/09/2013,0.01
07/09/2013,0
08/09/2013,1.47
09/09/2013,0.3
10/09/2013,0.03
11/09/2013,0
12/09/2013,0
13/09/2013,0.02
14/09/2013,0
15/09/2013,0.43
16/09/2013,0
17/09/2013,0.43
18/09/2013,0.89
19/09/2013,0.39
20/09/2013,0
21/09/2013,0
22/09/2013,0
23/09/2013,0.7
24/09/2013,0.29
25/09/2013,0.17
26/09/2013,0.4
27/09/2013,0
28/09/2013,0
29/09/2013,0
30/09/2013,0
01/10/2013,0
02/10/2013,0
03/10/2013,0.01
04/10/2013,0
05/10/2013,0
06/10/2013,0
07/10/2013,0.62
08/10/2013,0
09/10/2013,0
10/10/2013,0
11/10/2013,0
12/10/2013,0
13/10/2013,0
14/10/2013,0
15/10/2013,0
16/10/2013,0
17/10/2013,0
18/10/2013,0
19/10/2013,0
20/10/2013,0
21/10/2013,0.03
22/10/2013,0.02
23/10/2013,0
24/10/2013,0
25/10/2013,0
26/10/2013,0
27/10/2013,0
28/10/2013,0
29/10/2013,0
30/10/2013,0
31/10/2013,0
01/11/2013,0
02/11/2013,0
03/11/2013,0
04/11/2013,0
05/11/2013,0
06/11/2013,0
07/11/2013,0
08/11/2013,0.02
09/11/2013,0.03
10/11/2013,0
11/11/2013,0
12/11/2013,0
13/11/2013,0
14/11/2013,0
15/11/2013,0
16/11/2013,0.02
17/11/2013,0
18/11/2013,0
19/11/2013,0.1
20/11/2013,0.3
21/11/2013,0
22/11/2013,0
23/11/2013,0.54
24/11/2013,0
25/11/2013,0
26/11/2013,0.3
27/11/2013,0.84
28/11/2013,0
29/11/2013,0
30/11/2013,0
01/12/2013,0
02/12/2013,0
03/12/2013,0
04/12/2013,0
05/12/2013,0
06/12/2013,0
07/12/2013,0
08/12/2013,0
09/12/2013,0
10/12/2013,0
11/12/2013,0
12/12/2013,0
13/12/2013,0
14/12/2013,0
15/12/2013,0
16/12/2013,0
17/12/2013,0
18/12/2013,0
19/12/2013,0
20/12/2013,0
21/12/2013,0
22/12/2013,0
23/12/2013,0
24/12/2013,0.01
25/12/2013,0
26/12/2013,0
27/12/2013,0
28/12/2013,0
29/12/2013,0
30/12/2013,0
31/12/2013,0
01/01/2014,0
02/01/2014,0
03/01/2014,0.01
04/01/2014,0.14
05/01/2014,0.15
06/01/2014,0
07/01/2014,0
08/01/2014,0.04
09/01/2014,0.01
10/01/2014,0
11/01/2014,0
12/01/2014,0
13/01/2014,0
14/01/2014,0
15/01/2014,0.07
16/01/2014,0
17/01/2014,0
18/01/2014,0
19/01/2014,0
20/01/2014,0
21/01/2014,0.07
22/01/2014,0
23/01/2014,0
24/01/2014,0
25/01/2014,0
26/01/2014,0
27/01/2014,0
28/01/2014,0
29/01/2014,0.01
30/01/2014,3.04
31/01/2014,0.16
01/02/2014,0
02/02/2014,0
03/02/2014,0.39
04/02/2014,0
05/02/2014,0.18
06/02/2014,0
07/02/2014,0
08/02/2014,0
09/02/2014,0
10/02/2014,0
11/02/2014,0
12/02/2014,0.55
13/02/2014,0.03
14/02/2014,0
15/02/2014,0
16/02/2014,0
17/02/2014,0
18/02/2014,0
19/02/2014,0
20/02/2014,0
21/02/2014,0
22/02/2014,0
23/02/2014,0.23
24/02/2014,0
25/02/2014,0
26/02/2014,0
27/02/2014,0.03
28/02/2014,0.13
01/03/2014,0
02/03/2014,0
03/03/2014,0
04/03/2014,0
05/03/2014,0.25
06/03/2014,0.67
07/03/2014,0
08/03/2014,0
09/03/2014,0
10/03/2014,0
11/03/2014,0
12/03/2014,0
13/03/2014,0
14/03/2014,0
15/03/2014,0
16/03/2014,0
17/03/2014,0.11
18/03/2014,0.16
19/03/2014,0
20/03/2014,0
21/03/2014,0
22/03/2014,0
23/03/2014,0
24/03/2014,0.3
25/03/2014,0.11
26/03/2014,0
27/03/2014,0
28/03/2014,0
29/03/2014,0.13
30/03/2014,0
31/03/2014,0
01/04/2014,0
02/04/2014,0
03/04/2014,0
04/04/2014,0
05/04/2014,0
06/04/2014,0
07/04/2014,0
08/04/2014,0.04
09/04/2014,0
10/04/2014,0
11/04/2014,0
12/04/2014,0
13/04/2014,0
14/04/2014,0.05
15/04/2014,0.05
16/04/2014,0
17/04/2014,1.63
18/04/2014,0
19/04/2014,0.29
20/04/2014,0
21/04/2014,0
22/04/2014,0
23/04/2014,0
24/04/2014,0
25/04/2014,0
26/04/2014,0
27/04/2014,0
28/04/2014,0
29/04/2014,0
30/04/2014,0
01/05/2014,1.36
02/05/2014,0
03/05/2014,0.18
04/05/2014,0
05/05/2014,0
06/05/2014,0
07/05/2014,0
08/05/2014,0
09/05/2014,0
10/05/2014,0
11/05/2014,0
12/05/2014,0.01
13/05/2014,0.17
14/05/2014,0
15/05/2014,0.51
16/05/2014,0
17/05/2014,0
18/05/2014,0
19/05/2014,0
20/05/2014,0
21/05/2014,0
22/05/2014,0
23/05/2014,0
24/05/2014,0
25/05/2014,0
26/05/2014,0
27/05/2014,0
28/05/2014,0.14
29/05/2014,0.38
30/05/2014,0
31/05/2014,0.16
01/06/2014,0
02/06/2014,0.08
03/06/2014,0
04/06/2014,0
05/06/2014,0
06/06/2014,0
07/06/2014,0
08/06/2014,0
09/06/2014,0.45
10/06/2014,0
11/06/2014,0.25
12/06/2014,1.25
13/06/2014,0.03
14/06/2014,0.18
15/06/2014,1.36
16/06/2014,0
17/06/2014,0.01
18/06/2014,0.18
19/06/2014,0.1
20/06/2014,0.06
21/06/2014,0.84
22/06/2014,0.18
23/06/2014,0
24/06/2014,0
25/06/2014,0.11
26/06/2014,0
27/06/2014,1.61
28/06/2014,0
29/06/2014,0.64
30/06/2014,0
01/07/2014,0.82
02/07/2014,0.42
03/07/2014,0
04/07/2014,0.22
05/07/2014,0.1
06/07/2014,0.03
07/07/2014,0
08/07/2014,1.41
09/07/2014,1.7
10/07/2014,0.78
11/07/2014,0.01
12/07/2014,0.98
13/07/2014,0.13
14/07/2014,0.33
15/07/2014,0.03
16/07/2014,0.42
17/07/2014,0.39
18/07/2014,0
19/07/2014,0
20/07/2014,0
21/07/2014,0.09
22/07/2014,0
23/07/2014,0
24/07/2014,0.05
25/07/2014,0
26/07/2014,0.11
27/07/2014,0
28/07/2014,0
29/07/2014,0.01
30/07/2014,0.05
31/07/2014,0.02
01/08/2014,0.55
02/08/2014,0.14
03/08/2014,0.83
04/08/2014,0.88
05/08/2014,0
06/08/2014,0
07/08/2014,0.16
08/08/2014,0
09/08/2014,0
10/08/2014,0
11/08/2014,0
12/08/2014,0
13/08/2014,0.26
14/08/2014,0.01
15/08/2014,0.47
16/08/2014,0.01
17/08/2014,0.15
18/08/2014,0
19/08/2014,0
20/08/2014,0.01
21/08/2014,0.03
22/08/2014,0.25
23/08/2014,0.13
24/08/2014,0.11
25/08/2014,0.32
26/08/2014,0
27/08/2014,0
28/08/2014,1.61
29/08/2014,0.21
30/08/2014,0
31/08/2014,0
01/09/2014,0.3
02/09/2014,0.3
03/09/2014,0.01
04/09/2014,0
05/09/2014,1.51
06/09/2014,0
07/09/2014,1.54
08/09/2014,0.01
09/09/2014,0.11
10/09/2014,0
11/09/2014,0.1
12/09/2014,3.12
13/09/2014,0.68
14/09/2014,0.18
15/09/2014,0
16/09/2014,0.19
17/09/2014,0
18/09/2014,0.06
19/09/2014,0.05
20/09/2014,0.02
21/09/2014,0.39
22/09/2014,1.04
23/09/2014,0.01
24/09/2014,0
25/09/2014,0.4
26/09/2014,0.06
27/09/2014,0.02
28/09/2014,0.01
29/09/2014,0
30/09/2014,0.05
01/10/2014,0.25
02/10/2014,0
03/10/2014,0
04/10/2014,0.22
05/10/2014,0
06/10/2014,0
07/10/2014,0.03
08/10/2014,0
09/10/2014,0
10/10/2014,0
11/10/2014,0
12/10/2014,0
13/10/2014,0.06
14/10/2014,0
15/10/2014,0.11
16/10/2014,0
17/10/2014,0
18/10/2014,0
19/10/2014,0
20/10/2014,0
21/10/2014,0.07
22/10/2014,0
23/10/2014,0
24/10/2014,0
25/10/2014,0
26/10/2014,0
27/10/2014,0
28/10/2014,0
29/10/2014,0
30/10/2014,0
31/10/2014,0.13
01/11/2014,0
02/11/2014,0
03/11/2014,0
04/11/2014,0
05/11/2014,0
06/11/2014,0
07/11/2014,0
08/11/2014,0
09/11/2014,1.22
10/11/2014,0.71
11/11/2014,0
12/11/2014,0
13/11/2014,0
14/11/2014,0
15/11/2014,0
16/11/2014,0
17/11/2014,0
18/11/2014,0.3
19/11/2014,0.01
20/11/2014,0
21/11/2014,0.02
22/11/2014,0.07
23/11/2014,0
24/11/2014,0
25/11/2014,0
26/11/2014,0.22
27/11/2014,0
28/11/2014,0
29/11/2014,0
30/11/2014,0
01/12/2014,0.01
02/12/2014,0.13
03/12/2014,0
04/12/2014,0
05/12/2014,0.05
06/12/2014,0
07/12/2014,0
08/12/2014,0
09/12/2014,0
10/12/2014,0
11/12/2014,0
12/12/2014,0
13/12/2014,0
14/12/2014,0
15/12/2014,0
16/12/2014,0
17/12/2014,0
18/12/2014,0
19/12/2014,0
20/12/2014,0
21/12/2014,0
22/12/2014,0
23/12/2014,0
24/12/2014,0.01
25/12/2014,0.13
26/12/2014,0.01
27/12/2014,0
28/12/2014,0
29/12/2014,0.02
30/12/2014,0
31/12/2014,0.01
01/01/2015,0
02/01/2015,0
03/01/2015,0
04/01/2015,0
05/01/2015,0
06/01/2015,0
07/01/2015,0
08/01/2015,0
09/01/2015,0
10/01/2015,0
11/01/2015,1.09
12/01/2015,0.1
13/01/2015,0
14/01/2015,0
15/01/2015,0
16/01/2015,0
17/01/2015,0
18/01/2015,0
19/01/2015,0
20/01/2015,0
21/01/2015,0
22/01/2015,0
23/01/2015,0
24/01/2015,0
25/01/2015,0
26/01/2015,0.01
27/01/2015,0
28/01/2015,0
29/01/2015,0
30/01/2015,0
31/01/2015,0
01/02/2015,0
02/02/2015,0
03/02/2015,0
04/02/2015,0
05/02/2015,1.31
06/02/2015,0
07/02/2015,0
08/02/2015,0
09/02/2015,0.54
10/02/2015,0
11/02/2015,0
12/02/2015,0
13/02/2015,0
14/02/2015,0
15/02/2015,0
16/02/2015,0
17/02/2015,0
18/02/2015,0.03
19/02/2015,0
20/02/2015,0
21/02/2015,0
22/02/2015,0
23/02/2015,0
24/02/2015,0
25/02/2015,0
26/02/2015,0
27/02/2015,0
28/02/2015,0
01/03/2015,0
02/03/2015,0
03/03/2015,0
04/03/2015,0
05/03/2015,0.07
06/03/2015,1.23
07/03/2015,0.01
08/03/2015,0
09/03/2015,0
10/03/2015,0
11/03/2015,0
12/03/2015,0
13/03/2015,0
14/03/2015,0
15/03/2015,0
16/03/2015,0
17/03/2015,0
18/03/2015,0
19/03/2015,0
20/03/2015,0
21/03/2015,0
22/03/2015,0
23/03/2015,0.08
24/03/2015,0
25/03/2015,0
26/03/2015,0
27/03/2015,0.49
28/03/2015,0
29/03/2015,0
30/03/2015,0
31/03/2015,0
01/04/2015,0
02/04/2015,0
03/04/2015,0
04/04/2015,0
05/04/2015,0
06/04/2015,0
07/04/2015,0
08/04/2015,0
09/04/2015,0
10/04/2015,0
11/04/2015,0
12/04/2015,0.01
13/04/2015,0
14/04/2015,0
15/04/2015,0
16/04/2015,0
17/04/2015,0
18/04/2015,0
19/04/2015,0
20/04/2015,0.02
21/04/2015,0.42
22/04/2015,0.04
23/04/2015,0.68
24/04/2015,0
25/04/2015,0
26/04/2015,0
27/04/2015,0
28/04/2015,0.88
29/04/2015,0.48
30/04/2015,0
01/05/2015,0
02/05/2015,0
03/05/2015,0
04/05/2015,0
05/05/2015,0.04
06/05/2015,0.02
07/05/2015,0.09
08/05/2015,0
09/05/2015,0
10/05/2015,0
11/05/2015,0.05
12/05/2015,0.05
13/05/2015,0
14/05/2015,0
15/05/2015,0
16/05/2015,0
17/05/2015,0.01
18/05/2015,0
19/05/2015,0
20/05/2015,0
21/05/2015,0.05
22/05/2015,0.01
23/05/2015,0
24/05/2015,0
25/05/2015,0
26/05/2015,0.01
27/05/2015,0
28/05/2015,0
29/05/2015,0
30/05/2015,0
31/05/2015,0
01/06/2015,0
02/06/2015,0.1
03/06/2015,0.03
04/06/2015,0.6
05/06/2015,0
06/06/2015,0.01
07/06/2015,0
08/06/2015,0
09/06/2015,0.81
10/06/2015,2.51
11/06/2015,0.11
12/06/2015,0
13/06/2015,0
14/06/2015,0
15/06/2015,0.71
16/06/2015,0
17/06/2015,0
18/06/2015,0
19/06/2015,0.01
20/06/2015,0
21/06/2015,0
22/06/2015,0
23/06/2015,0
24/06/2015,0
25/06/2015,0.83
26/06/2015,0
27/06/2015,0
28/06/2015,0.09
29/06/2015,0
30/06/2015,0
01/07/2015,0.18
02/07/2015,0.05
03/07/2015,0.25
04/07/2015,0
05/07/2015,0
06/07/2015,0
07/07/2015,1.25
08/07/2015,0.06
09/07/2015,0
10/07/2015,0
11/07/2015,0
12/07/2015,0
13/07/2015,0.04
14/07/2015,0
15/07/2015,0.6
16/07/2015,0.74
17/07/2015,0.17
18/07/2015,0.06
19/07/2015,0.03
20/07/2015,0
21/07/2015,0
22/07/2015,0
23/07/2015,0.15
24/07/2015,0.52
25/07/2015,0
26/07/2015,0.36
27/07/2015,0.04
28/07/2015,0
29/07/2015,0
30/07/2015,0
31/07/2015,0
01/08/2015,0.36
02/08/2015,0.25
03/08/2015,0.28
04/08/2015,0.74
05/08/2015,1.08
06/08/2015,0
07/08/2015,0
08/08/2015,0
09/08/2015,0.26
10/08/2015,1.02
11/08/2015,0.02
12/08/2015,0.03
13/08/2015,0.38
14/08/2015,0.02
15/08/2015,0.01
16/08/2015,0.07
17/08/2015,0.05
18/08/2015,0.04
19/08/2015,0
20/08/2015,1.14
21/08/2015,0.02
22/08/2015,0
23/08/2015,0.2
24/08/2015,0.22
25/08/2015,1.85
26/08/2015,0.12
27/08/2015,0
28/08/2015,1.89
29/08/2015,0.98
30/08/2015,0.28
31/08/2015,0
01/09/2015,0.32
02/09/2015,0
03/09/2015,0
04/09/2015,0.59
05/09/2015,0.16
06/09/2015,0
07/09/2015,0.04
08/09/2015,0.03
09/09/2015,0.05
10/09/2015,0.02
11/09/2015,0.74
12/09/2015,0
13/09/2015,1.33
14/09/2015,0.25
15/09/2015,0.49
16/09/2015,0.77
17/09/2015,0.31
18/09/2015,0.41
19/09/2015,0
20/09/2015,0
21/09/2015,0.9
22/09/2015,0.52
23/09/2015,0.3
24/09/2015,0.39
25/09/2015,0.12
26/09/2015,0.82
27/09/2015,0
28/09/2015,0
29/09/2015,0.61
30/09/2015,0
01/10/2015,0
02/10/2015,0
03/10/2015,0
04/10/2015,0.2
05/10/2015,0.13
06/10/2015,0
07/10/2015,0
08/10/2015,1.12
09/10/2015,0.26
10/10/2015,0
11/10/2015,0.26
12/10/2015,0
13/10/2015,0
14/10/2015,0
15/10/2015,0
16/10/2015,0
17/10/2015,0
18/10/2015,0
19/10/2015,0
20/10/2015,0
21/10/2015,0
22/10/2015,0
23/10/2015,0
24/10/2015,0.07
25/10/2015,0.01
26/10/2015,0
27/10/2015,0
28/10/2015,0.1
29/10/2015,0.18
30/10/2015,0
31/10/2015,0
01/11/2015,0
02/11/2015,0
03/11/2015,0
04/11/2015,0
05/11/2015,0
06/11/2015,0
07/11/2015,0
08/11/2015,0
09/11/2015,0
10/11/2015,0
11/11/2015,0
12/11/2015,0
13/11/2015,3.03
14/11/2015,0.02
15/11/2015,0
16/11/2015,0.02
17/11/2015,0.12
18/11/2015,0.03
19/11/2015,0
20/11/2015,0.01
21/11/2015,0.33
22/11/2015,1.69
23/11/2015,0
24/11/2015,0
25/11/2015,0
26/11/2015,0
27/11/2015,0
28/11/2015,0
29/11/2015,0
30/11/2015,0.06
01/12/2015,0
02/12/2015,0.24
03/12/2015,0.31
04/12/2015,2.21
05/12/2015,0.11
06/12/2015,0
07/12/2015,0
08/12/2015,0
09/12/2015,0
10/12/2015,0
11/12/2015,0
12/12/2015,0
13/12/2015,0.03
14/12/2015,0.05
15/12/2015,0
16/12/2015,0
17/12/2015,0
18/12/2015,0
19/12/2015,0
20/12/2015,0
21/12/2015,0
22/12/2015,0.22
23/12/2015,0
24/12/2015,0
25/12/2015,0
26/12/2015,0
27/12/2015,0
28/12/2015,0
29/12/2015,0
30/12/2015,0
31/12/2015,0
01/01/2016,0.03
02/01/2016,0
03/01/2016,0.26
04/01/2016,0
05/01/2016,0
06/01/2016,0.29
07/01/2016,0
08/01/2016,0
09/01/2016,0.35
10/01/2016,0.4
11/01/2016,0.03
12/01/2016,0.12
13/01/2016,0
14/01/2016,0.39
15/01/2016,0.91
16/01/2016,0.01
17/01/2016,0.38
18/01/2016,0
19/01/2016,0
20/01/2016,0
21/01/2016,0
22/01/2016,2.11
23/01/2016,0
24/01/2016,0
25/01/2016,0
26/01/2016,0
27/01/2016,5.66
28/01/2016,1.03
29/01/2016,0
30/01/2016,0
31/01/2016,0
01/02/2016,0.21
02/02/2016,0
03/02/2016,0
04/02/2016,0
05/02/2016,0.36
06/02/2016,0.68
07/02/2016,0.07
08/02/2016,0
09/02/2016,0
10/02/2016,0
11/02/2016,0
12/02/2016,0
13/02/2016,0
14/02/2016,0
15/02/2016,0.03
16/02/2016,2.12
17/02/2016,0
18/02/2016,0
19/02/2016,0
20/02/2016,0
21/02/2016,0
22/02/2016,0
23/02/2016,0.08
24/02/2016,0.42
25/02/2016,0
26/02/2016,0
27/02/2016,0
28/02/2016,0
29/02/2016,0
01/03/2016,0
02/03/2016,0
03/03/2016,0
04/03/2016,0
05/03/2016,0
06/03/2016,0
07/03/2016,0
08/03/2016,0
09/03/2016,0
10/03/2016,0
11/03/2016,0
12/03/2016,0
13/03/2016,0
14/03/2016,0
15/03/2016,0
16/03/2016,0
17/03/2016,0
18/03/2016,0
19/03/2016,0.01
20/03/2016,0
21/03/2016,0.07
22/03/2016,0
23/03/2016,0
24/03/2016,0.64
25/03/2016,0
26/03/2016,0
27/03/2016,0
28/03/2016,0
29/03/2016,0.57
30/03/2016,0.01
31/03/2016,0
01/04/2016,0
02/04/2016,0
03/04/2016,0
04/04/2016,0.01
05/04/2016,0
06/04/2016,0
07/04/2016,0
08/04/2016,0
09/04/2016,0
10/04/2016,0
11/04/2016,0
12/04/2016,0
13/04/2016,0
14/04/2016,0
15/04/2016,0
16/04/2016,0.36
17/04/2016,0
18/04/2016,0
19/04/2016,0
20/04/2016,0
21/04/2016,0
22/04/2016,0.02
23/04/2016,0
24/04/2016,0
25/04/2016,0
26/04/2016,0
27/04/2016,0
28/04/2016,0
29/04/2016,0
30/04/2016,0
01/05/2016,0
02/05/2016,0
03/05/2016,0
04/05/2016,0.85
05/05/2016,0
06/05/2016,0
07/05/2016,0
08/05/2016,0
09/05/2016,0
10/05/2016,0
11/05/2016,0
12/05/2016,0
13/05/2016,0
14/05/2016,0
15/05/2016,1.36
16/05/2016,1.16
17/05/2016,5.12
18/05/2016,2.55
19/05/2016,0.15
20/05/2016,0
21/05/2016,0.1
22/05/2016,0
23/05/2016,0.19
24/05/2016,0
25/05/2016,0
26/05/2016,0
27/05/2016,0
28/05/2016,0.1
29/05/2016,0.33
30/05/2016,0.13
31/05/2016,0.75
01/06/2016,0
02/06/2016,0
03/06/2016,0
04/06/2016,0
05/06/2016,0
06/06/2016,0.2
07/06/2016,0.12
08/06/2016,1.24
09/06/2016,1.57
10/06/2016,0.41
11/06/2016,0.58
12/06/2016,0
13/06/2016,0
14/06/2016,0
15/06/2016,0
16/06/2016,0.12
17/06/2016,0.6
18/06/2016,0.26
19/06/2016,0.51
20/06/2016,0
21/06/2016,0.38
22/06/2016,0.14
23/06/2016,0.02
24/06/2016,0.66
25/06/2016,1.68
26/06/2016,0.51
27/06/2016,0
28/06/2016,0
29/06/2016,0
30/06/2016,0.1
01/07/2016,0.01
02/07/2016,0
03/07/2016,0
04/07/2016,0.02
05/07/2016,0
06/07/2016,0
07/07/2016,0.39
08/07/2016,0
09/07/2016,0
10/07/2016,0
11/07/2016,0
12/07/2016,0.27
13/07/2016,0.89
14/07/2016,0
15/07/2016,0.27
16/07/2016,0
17/07/2016,0.07
18/07/2016,0
19/07/2016,0.68
20/07/2016,0
21/07/2016,0.03
22/07/2016,1.3
23/07/2016,0.13
24/07/2016,0.04
25/07/2016,0.11
26/07/2016,0
27/07/2016,0
28/07/2016,0.06
29/07/2016,0
30/07/2016,0.08
31/07/2016,0.52
01/08/2016,0
02/08/2016,2.44
03/08/2016,0.55
04/08/2016,0.24
05/08/2016,0.02
06/08/2016,0.24
07/08/2016,0.85
08/08/2016,1.88
09/08/2016,0.07
10/08/2016,0
11/08/2016,0.06
12/08/2016,0.14
13/08/2016,0.04
14/08/2016,0.02
15/08/2016,0.75
16/08/2016,0.11
17/08/2016,0.04
18/08/2016,0
19/08/2016,0.03
20/08/2016,0.11
21/08/2016,0
22/08/2016,0
23/08/2016,0
24/08/2016,1.5
25/08/2016,0.55
26/08/2016,0.01
27/08/2016,0
28/08/2016,0.07
29/08/2016,0.35
30/08/2016,0.57
31/08/2016,0.21
01/09/2016,0.09
02/09/2016,0
03/09/2016,0.03
04/09/2016,0
05/09/2016,0.11
06/09/2016,0.48
07/09/2016,0.02
08/09/2016,0
09/09/2016,0.03
10/09/2016,0
11/09/2016,0.22
12/09/2016,0.01
13/09/2016,1.35
14/09/2016,0
15/09/2016,0
16/09/2016,0
17/09/2016,0
18/09/2016,0
19/09/2016,0.13
20/09/2016,0
21/09/2016,0.02
22/09/2016,0.05
23/09/2016,0.38
24/09/2016,0.66
25/09/2016,0
26/09/2016,0
27/09/2016,0.53
28/09/2016,0
29/09/2016,0.01
30/09/2016,0.01
01/10/2016,0
02/10/2016,0.1
03/10/2016,1.14
04/10/2016,0.37
05/10/2016,0
06/10/2016,0.72
07/10/2016,0
08/10/2016,0
09/10/2016,0
10/10/2016,0
11/10/2016,0.03
12/10/2016,0.06
13/10/2016,0
14/10/2016,0
15/10/2016,0.3
16/10/2016,0.17
17/10/2016,0
18/10/2016,0.03
19/10/2016,0
20/10/2016,0.16
21/10/2016,0
22/10/2016,0
23/10/2016,0
24/10/2016,0
25/10/2016,0
26/10/2016,0
27/10/2016,0.01
28/10/2016,0
29/10/2016,0
30/10/2016,0
31/10/2016,0
01/11/2016,0
02/11/2016,0
03/11/2016,0.04
04/11/2016,0
05/11/2016,0.02
06/11/2016,0
07/11/2016,0
08/11/2016,0
09/11/2016,0
10/11/2016,0
11/11/2016,0
12/11/2016,0
13/11/2016,0
14/11/2016,0.01
15/11/2016,0
16/11/2016,0
17/11/2016,0
18/11/2016,0
19/11/2016,0
20/11/2016,0
21/11/2016,0
22/11/2016,0
23/11/2016,0
24/11/2016,0.06
25/11/2016,0
26/11/2016,0
27/11/2016,0
28/11/2016,0.01
29/11/2016,0
30/11/2016,0
01/12/2016,0.22
02/12/2016,0
03/12/2016,0
04/12/2016,0
05/12/2016,0
06/12/2016,0.05
07/12/2016,0
08/12/2016,0
09/12/2016,0
10/12/2016,0
11/12/2016,0.19
12/12/2016,0.31
13/12/2016,0
14/12/2016,0
15/12/2016,0
16/12/2016,0
17/12/2016,0
18/12/2016,0
19/12/2016,0
20/12/2016,0.32
21/12/2016,0
22/12/2016,0
23/12/2016,0
24/12/2016,0.02
25/12/2016,0.01
26/12/2016,0
27/12/2016,0
28/12/2016,0
29/12/2016,0
30/12/2016,0
31/12/2016,0
01/01/2017,0
02/01/2017,0
03/01/2017,0
04/01/2017,0
05/01/2017,0
06/01/2017,0
07/01/2017,0.09
08/01/2017,0
09/01/2017,0
10/01/2017,0
11/01/2017,0
12/01/2017,0
13/01/2017,0.05
14/01/2017,0.03
15/01/2017,0
16/01/2017,0
17/01/2017,0
18/01/2017,0
19/01/2017,0
20/01/2017,0
21/01/2017,0
22/01/2017,0
23/01/2017,1.21
24/01/2017,0
25/01/2017,0
26/01/2017,0
27/01/2017,0
28/01/2017,0
29/01/2017,0.75
30/01/2017,0
31/01/2017,0
01/02/2017,0
02/02/2017,0
03/02/2017,0
04/02/2017,0
05/02/2017,0
06/02/2017,0
07/02/2017,0.02
08/02/2017,0
09/02/2017,0
10/02/2017,0
11/02/2017,0
12/02/2017,0
13/02/2017,0
14/02/2017,0
15/02/2017,0.33
16/02/2017,0
17/02/2017,0
18/02/2017,0
19/02/2017,0
20/02/2017,0
21/02/2017,0
22/02/2017,0.92
23/02/2017,0
24/02/2017,0
25/02/2017,0
26/02/2017,0
27/02/2017,0.02
28/02/2017,0
01/03/2017,0
02/03/2017,0.03
03/03/2017,0
04/03/2017,0
05/03/2017,0
06/03/2017,0
07/03/2017,0
08/03/2017,0
09/03/2017,0
10/03/2017,0
11/03/2017,0
12/03/2017,0.01
13/03/2017,0.38
14/03/2017,0.01
15/03/2017,0
16/03/2017,0
17/03/2017,0
18/03/2017,0
19/03/2017,0
20/03/2017,0
21/03/2017,0
22/03/2017,0
23/03/2017,0
24/03/2017,0
25/03/2017,0.02
26/03/2017,0.48
27/03/2017,0
28/03/2017,0
29/03/2017,0
30/03/2017,0
31/03/2017,0
01/04/2017,0.02
02/04/2017,0.01
03/04/2017,0
04/04/2017,0
05/04/2017,0
06/04/2017,0
07/04/2017,0
08/04/2017,0
09/04/2017,0
10/04/2017,0.01
11/04/2017,0
12/04/2017,0.57
13/04/2017,0
14/04/2017,0
15/04/2017,0
16/04/2017,0
17/04/2017,0
18/04/2017,0
19/04/2017,0.03
20/04/2017,0
21/04/2017,0
22/04/2017,0
23/04/2017,1.05
24/04/2017,0
25/04/2017,0
26/04/2017,0
27/04/2017,0
28/04/2017,0
29/04/2017,0
30/04/2017,0
01/05/2017,0.15
02/05/2017,1.89
03/05/2017,0
04/05/2017,0.05
05/05/2017,0.43
06/05/2017,0
07/05/2017,0
08/05/2017,0
09/05/2017,0
10/05/2017,0
11/05/2017,0
12/05/2017,0
13/05/2017,0
14/05/2017,0
15/05/2017,0
16/05/2017,0
17/05/2017,0
18/05/2017,0
19/05/2017,0
20/05/2017,0
21/05/2017,0
22/05/2017,0
23/05/2017,0.01
24/05/2017,0.77
25/05/2017,0.82
26/05/2017,0
27/05/2017,0
28/05/2017,0
29/05/2017,1.65
30/05/2017,0.04
31/05/2017,0.96
01/06/2017,0.9
02/06/2017,0.08
03/06/2017,0.52
04/06/2017,0.14
05/06/2017,1.86
06/06/2017,10.08
07/06/2017,2.85
08/06/2017,0.01
09/06/2017,2.2
10/06/2017,0.16
11/06/2017,0
12/06/2017,0
13/06/2017,0
14/06/2017,0.43
15/06/2017,0.02
16/06/2017,0.23
17/06/2017,0.71
18/06/2017,0.07
19/06/2017,0.37
20/06/2017,0
21/06/2017,0.07
22/06/2017,0
23/06/2017,0
24/06/2017,0
25/06/2017,0
26/06/2017,0.33
27/06/2017,0
28/06/2017,0.95
29/06/2017,0.16
30/06/2017,0
01/07/2017,2.08
02/07/2017,0.01
03/07/2017,0.01
04/07/2017,0.02
05/07/2017,0.01
06/07/2017,0.37
07/07/2017,0.07
08/07/2017,0.08
09/07/2017,0.06
10/07/2017,0.34
11/07/2017,0
12/07/2017,4.37
13/07/2017,0.12
14/07/2017,0.16
15/07/2017,0
16/07/2017,0
17/07/2017,0.02
18/07/2017,0
19/07/2017,0
20/07/2017,0.18
21/07/2017,0.3
22/07/2017,0
23/07/2017,0.97
24/07/2017,0
25/07/2017,0
26/07/2017,0
27/07/2017,0.05
28/07/2017,0
29/07/2017,0.17
30/07/2017,0.29
31/07/2017,0.92
01/08/2017,0.54
02/08/2017,0
03/08/2017,0
04/08/2017,0
05/08/2017,0
06/08/2017,0.09
07/08/2017,0
08/08/2017,0
09/08/2017,0
10/08/2017,0.71
11/08/2017,0.12
12/08/2017,0.01
13/08/2017,0
14/08/2017,0
15/08/2017,0.01
16/08/2017,0
17/08/2017,0.01
18/08/2017,0
19/08/2017,0.02
20/08/2017,0.05
21/08/2017,0.1
22/08/2017,0.51
23/08/2017,0.13
24/08/2017,1.01
25/08/2017,0.33
26/08/2017,0.07
27/08/2017,0.01
28/08/2017,0
29/08/2017,0
30/08/2017,0
31/08/2017,0
01/09/2017,0.54
02/09/2017,0
03/09/2017,1.8
04/09/2017,0
05/09/2017,0.09
06/09/2017,0.19
07/09/2017,1.65
08/09/2017,0.13
09/09/2017,4.47
10/09/2017,5.31
11/09/2017,0.12
12/09/2017,0
13/09/2017,0
14/09/2017,0
15/09/2017,0
16/09/2017,0
17/09/2017,0
18/09/2017,0
19/09/2017,0
20/09/2017,0
21/09/2017,0.43
22/09/2017,0.05
23/09/2017,0
24/09/2017,0.01
25/09/2017,0.04
26/09/2017,0.02
27/09/2017,0.11
28/09/2017,0.05
29/09/2017,0.52
30/09/2017,0
01/10/2017,0.39
02/10/2017,0.22
03/10/2017,1.93
04/10/2017,0.23
05/10/2017,1.96
06/10/2017,0
07/10/2017,0.08
08/10/2017,0
09/10/2017,0.04
10/10/2017,0.01
11/10/2017,0.01
12/10/2017,0.3
13/10/2017,0.02
14/10/2017,0.29
15/10/2017,0
16/10/2017,0.25
17/10/2017,0.79
18/10/2017,0
19/10/2017,0.01
20/10/2017,0.08
21/10/2017,0.01
22/10/2017,0
23/10/2017,0
24/10/2017,0.43
25/10/2017,0
26/10/2017,0
27/10/2017,0
28/10/2017,3.4
29/10/2017,0.32
30/10/2017,0
31/10/2017,0
01/11/2017,0
02/11/2017,0
03/11/2017,0
04/11/2017,0
05/11/2017,0
06/11/2017,0
07/11/2017,0
08/11/2017,0
09/11/2017,0
10/11/2017,0
11/11/2017,0
12/11/2017,0.01
13/11/2017,0.01
14/11/2017,0
15/11/2017,0
16/11/2017,0
17/11/2017,0
18/11/2017,0
19/11/2017,0
20/11/2017,0
21/11/2017,0.02
22/11/2017,0
23/11/2017,0.02
24/11/2017,0
25/11/2017,0
26/11/2017,0
27/11/2017,0
28/11/2017,0
29/11/2017,0.23
30/11/2017,0
01/12/2017,0.01
02/12/2017,0
03/12/2017,0
04/12/2017,0
05/12/2017,0
06/12/2017,0
07/12/2017,0
08/12/2017,0
09/12/2017,0.85
10/12/2017,0
11/12/2017,0
12/12/2017,0
13/12/2017,0
14/12/2017,0
15/12/2017,0
16/12/2017,0
17/12/2017,0
18/12/2017,0
19/12/2017,0
20/12/2017,0
21/12/2017,0
22/12/2017,0
23/12/2017,0
24/12/2017,0
25/12/2017,0
26/12/2017,0
27/12/2017,0
28/12/2017,0
29/12/2017,0
30/12/2017,0
31/12/2017,0
01/01/2018,0
02/01/2018,0.08
03/01/2018,0
04/01/2018,0
05/01/2018,0
06/01/2018,0
07/01/2018,0
08/01/2018,0
09/01/2018,0.01
10/01/2018,0
11/01/2018,0
12/01/2018,0.27
13/01/2018,0
14/01/2018,0
15/01/2018,0
16/01/2018,0
17/01/2018,0
18/01/2018,0
19/01/2018,0
20/01/2018,0
21/01/2018,0
22/01/2018,0
23/01/2018,0
24/01/2018,0
25/01/2018,0
26/01/2018,0
27/01/2018,0
28/01/2018,0
29/01/2018,0.03
30/01/2018,0
31/01/2018,0
01/02/2018,0
02/02/2018,0
03/02/2018,0
04/02/2018,0
05/02/2018,0.31
06/02/2018,0
07/02/2018,0
08/02/2018,0
09/02/2018,0
10/02/2018,0
11/02/2018,0.14
12/02/2018,0
13/02/2018,0
14/02/2018,0
15/02/2018,0
16/02/2018,0
17/02/2018,0
18/02/2018,0
19/02/2018,0
20/02/2018,0
21/02/2018,0
22/02/2018,0
23/02/2018,0.05
24/02/2018,0
25/02/2018,0
26/02/2018,0
27/02/2018,0
28/02/2018,0
01/03/2018,0
02/03/2018,0
03/03/2018,0
04/03/2018,0
05/03/2018,0
06/03/2018,0
07/03/2018,0.05
08/03/2018,0
09/03/2018,0
10/03/2018,0.42
11/03/2018,0.03
12/03/2018,0.1
13/03/2018,0
14/03/2018,0
15/03/2018,0
16/03/2018,0
17/03/2018,0
18/03/2018,0
19/03/2018,0
20/03/2018,0
21/03/2018,0
22/03/2018,0
23/03/2018,0
24/03/2018,0
25/03/2018,0
26/03/2018,0
27/03/2018,0
28/03/2018,0
29/03/2018,0
30/03/2018,0
31/03/2018,0
01/04/2018,0
02/04/2018,0
03/04/2018,0
04/04/2018,0
05/04/2018,0
06/04/2018,0
07/04/2018,0
08/04/2018,0.01
09/04/2018,0
10/04/2018,0
11/04/2018,0
12/04/2018,0
13/04/2018,0
14/04/2018,0
15/04/2018,0.27
16/04/2018,0
17/04/2018,0
18/04/2018,0
19/04/2018,0
20/04/2018,0
21/04/2018,0
22/04/2018,0.44
23/04/2018,0.22
24/04/2018,0.01
25/04/2018,0
26/04/2018,0
27/04/2018,0.83
28/04/2018,0
29/04/2018,0
30/04/2018,0
01/05/2018,0
02/05/2018,0
03/05/2018,0
04/05/2018,0
05/05/2018,0.03
06/05/2018,0
07/05/2018,0
08/05/2018,0
09/05/2018,0
10/05/2018,0
11/05/2018,0
12/05/2018,0
13/05/2018,0.33
14/05/2018,2.35
15/05/2018,0.19
16/05/2018,0.04
17/05/2018,0
18/05/2018,0.24
19/05/2018,0.26
20/05/2018,1.39
21/05/2018,0.48
22/05/2018,0.01
23/05/2018,0
24/05/2018,0.52
25/05/2018,1.76
26/05/2018,0.64
27/05/2018,1.36
28/05/2018,0.02
29/05/2018,0.01
30/05/2018,0.69
31/05/2018,0.13
01/06/2018,0
02/06/2018,0.58
03/06/2018,0
04/06/2018,0.03
05/06/2018,0
06/06/2018,0.01
07/06/2018,0.32
08/06/2018,0.3
09/06/2018,0.24
10/06/2018,0.19
11/06/2018,0.06
12/06/2018,0
13/06/2018,0.2
14/06/2018,0
15/06/2018,0.18
16/06/2018,0
17/06/2018,0
18/06/2018,0.41
19/06/2018,0
20/06/2018,0
21/06/2018,0
22/06/2018,0.36
23/06/2018,0.06
24/06/2018,0.05
25/06/2018,0.17
26/06/2018,1.08
27/06/2018,0.75
28/06/2018,0
29/06/2018,0
30/06/2018,0.08
01/07/2018,0.02
02/07/2018,0
03/07/2018,0.08
04/07/2018,1.1
05/07/2018,0.32
06/07/2018,1.25
07/07/2018,0.63
08/07/2018,0.13
09/07/2018,0
10/07/2018,0.68
11/07/2018,0.01
12/07/2018,0.19
13/07/2018,0.01
14/07/2018,0.08
15/07/2018,0.08
16/07/2018,0.17
17/07/2018,0
18/07/2018,0.02
19/07/2018,0
20/07/2018,0
21/07/2018,0
22/07/2018,0.16
23/07/2018,0.39
24/07/2018,0.93
25/07/2018,0.03
26/07/2018,1.52
27/07/2018,0.01
28/07/2018,0
29/07/2018,0
30/07/2018,0.05
31/07/2018,0
01/08/2018,0.06
02/08/2018,0
03/08/2018,0
04/08/2018,0.07
05/08/2018,0.03
06/08/2018,0
07/08/2018,0
08/08/2018,0
09/08/2018,0.12
10/08/2018,1.02
11/08/2018,0.46
12/08/2018,0
13/08/2018,0
14/08/2018,0.01
15/08/2018,0
16/08/2018,0
17/08/2018,0
18/08/2018,0.19
19/08/2018,0.06
20/08/2018,0.84
21/08/2018,0
22/08/2018,0
23/08/2018,0.02
24/08/2018,1.05
25/08/2018,0.71
26/08/2018,0
27/08/2018,0.1
28/08/2018,0.17
29/08/2018,0.05
30/08/2018,0.05
31/08/2018,0
01/09/2018,0.34
02/09/2018,0.2
03/09/2018,2.05
04/09/2018,0.53
05/09/2018,0
06/09/2018,0.01
07/09/2018,0.21
08/09/2018,0
09/09/2018,0.03
10/09/2018,0
11/09/2018,0.13
12/09/2018,0
13/09/2018,0.94
14/09/2018,0.1
15/09/2018,0
16/09/2018,0
17/09/2018,0
18/09/2018,0.08
19/09/2018,0
20/09/2018,0.12
21/09/2018,0.33
22/09/2018,0
23/09/2018,0
24/09/2018,0
25/09/2018,0.51
26/09/2018,0
27/09/2018,0.06
28/09/2018,0
29/09/2018,0
30/09/2018,0
01/10/2018,0
02/10/2018,0
03/10/2018,0
04/10/2018,0.13
05/10/2018,0
06/10/2018,0
07/10/2018,0
08/10/2018,0.17
09/10/2018,0
10/10/2018,0
11/10/2018,0.85
12/10/2018,0
13/10/2018,0
14/10/2018,0
15/10/2018,0
16/10/2018,0
17/10/2018,0
18/10/2018,0
19/10/2018,0
20/10/2018,0
21/10/2018,0
22/10/2018,0
23/10/2018,0
24/10/2018,0
25/10/2018,0
26/10/2018,0
27/10/2018,0
28/10/2018,0
29/10/2018,0
30/10/2018,0
31/10/2018,0
01/11/2018,0
02/11/2018,0.22
03/11/2018,0
04/11/2018,0
05/11/2018,0
06/11/2018,0
07/11/2018,0
08/11/2018,0
09/11/2018,0.01
10/11/2018,0
11/11/2018,0
12/11/2018,0
13/11/2018,1.05
14/11/2018,0
15/11/2018,0.11
16/11/2018,0
17/11/2018,0
18/11/2018,0
19/11/2018,0.09
20/11/2018,0.08
21/11/2018,0
22/11/2018,0
23/11/2018,0
24/11/2018,0
25/11/2018,0
26/11/2018,0
27/11/2018,0
28/11/2018,0
29/11/2018,0
30/11/2018,0
01/12/2018,0
02/12/2018,0
03/12/2018,0
04/12/2018,0
05/12/2018,0
06/12/2018,0
07/12/2018,0
08/12/2018,0
09/12/2018,0
10/12/2018,0
11/12/2018,0
12/12/2018,0
13/12/2018,0
14/12/2018,0
15/12/2018,0.04
16/12/2018,0
17/12/2018,0
18/12/2018,0
19/12/2018,0
20/12/2018,0.9
21/12/2018,0
22/12/2018,0
23/12/2018,0
24/12/2018,0
25/12/2018,0
26/12/2018,0
27/12/2018,0
28/12/2018,0
29/12/2018,0
30/12/2018,0
31/12/2018,0
01/01/2019,0
02/01/2019,0
03/01/2019,0.05
04/01/2019,0
05/01/2019,0
06/01/2019,0
07/01/2019,0
08/01/2019,0
09/01/2019,0
10/01/2019,0
11/01/2019,0
12/01/2019,0
13/01/2019,0
14/01/2019,0
15/01/2019,0
16/01/2019,0
17/01/2019,0
18/01/2019,0
19/01/2019,0
20/01/2019,0.11
21/01/2019,0
22/01/2019,0
23/01/2019,0
24/01/2019,0.38
25/01/2019,0.16
26/01/2019,1.53
27/01/2019,3.19
28/01/2019,0.07
29/01/2019,0
30/01/2019,0
31/01/2019,0
01/02/2019,0.01
02/02/2019,0.11
03/02/2019,0
04/02/2019,0
05/02/2019,0
06/02/2019,0
07/02/2019,0
08/02/2019,0
09/02/2019,0
10/02/2019,0
11/02/2019,0.02
12/02/2019,0
13/02/2019,1.08
14/02/2019,0
15/02/2019,0
16/02/2019,0
17/02/2019,0
18/02/2019,0.16
19/02/2019,0
20/02/2019,0.06
21/02/2019,0
22/02/2019,0
23/02/2019,0
24/02/2019,0
25/02/2019,0
26/02/2019,0.04
27/02/2019,0.11
28/02/2019,0
01/03/2019,0
02/03/2019,0
03/03/2019,0.16
04/03/2019,0
05/03/2019,0
06/03/2019,0
07/03/2019,0
08/03/2019,0
09/03/2019,0
10/03/2019,0
11/03/2019,0
12/03/2019,0
13/03/2019,0
14/03/2019,0
15/03/2019,0
16/03/2019,0.03
17/03/2019,0.23
18/03/2019,0
19/03/2019,1.27
20/03/2019,0.01
21/03/2019,0
22/03/2019,0
23/03/2019,0
24/03/2019,0
25/03/2019,0
26/03/2019,0
27/03/2019,0
28/03/2019,0
29/03/2019,0
30/03/2019,0
31/03/2019,0
01/04/2019,0
02/04/2019,0.01
03/04/2019,0
04/04/2019,0.53
05/04/2019,0
06/04/2019,0
07/04/2019,0
08/04/2019,0
09/04/2019,0.28
10/04/2019,0
11/04/2019,0
12/04/2019,0
13/04/2019,0
14/04/2019,0.35
15/04/2019,0.22
16/04/2019,0
17/04/2019,0
18/04/2019,0
19/04/2019,0.24
20/04/2019,0
21/04/2019,0
22/04/2019,0
23/04/2019,0
24/04/2019,0
25/04/2019,0
26/04/2019,0
27/04/2019,0
28/04/2019,0
29/04/2019,0.09
30/04/2019,0
01/05/2019,0.05
02/05/2019,0.04
03/05/2019,0.37
04/05/2019,1.28
05/05/2019,0
06/05/2019,0.92
07/05/2019,0.03
08/05/2019,0.11
09/05/2019,0.7
10/05/2019,0
11/05/2019,0
12/05/2019,0.22
13/05/2019,0.03
14/05/2019,0
15/05/2019,0.69
16/05/2019,0
17/05/2019,0
18/05/2019,0
19/05/2019,0.29
20/05/2019,0
21/05/2019,0
22/05/2019,0
23/05/2019,0
24/05/2019,0
25/05/2019,0
26/05/2019,0
27/05/2019,0
28/05/2019,0
29/05/2019,0
30/05/2019,0
31/05/2019,0.08
01/06/2019,0
02/06/2019,0
03/06/2019,0
04/06/2019,0.19
05/06/2019,1.16
06/06/2019,0
07/06/2019,0.1
08/06/2019,0.52
09/06/2019,0.09
10/06/2019,0.1
11/06/2019,0
12/06/2019,0.64
13/06/2019,0.28
14/06/2019,0.74
15/06/2019,0.05
16/06/2019,0.06
17/06/2019,0.86
18/06/2019,0.84
19/06/2019,0
20/06/2019,0
21/06/2019,0
22/06/2019,0
23/06/2019,0
24/06/2019,0
25/06/2019,0
26/06/2019,0.05
27/06/2019,0
28/06/2019,0.02
29/06/2019,0.19
30/06/2019,0.23
01/07/2019,0
02/07/2019,0
03/07/2019,0
04/07/2019,0
05/07/2019,0.28
06/07/2019,1.25
07/07/2019,0.11
08/07/2019,1.39
09/07/2019,0.17
10/07/2019,0.39
11/07/2019,0.09
12/07/2019,0
13/07/2019,0
14/07/2019,0
15/07/2019,0
16/07/2019,0.02
17/07/2019,0.2
18/07/2019,0.31
19/07/2019,0.11
20/07/2019,0.02
21/07/2019,0.38
22/07/2019,0.63
23/07/2019,0.93
24/07/2019,0
25/07/2019,0.03
26/07/2019,0.93
27/07/2019,0.02
28/07/2019,0
29/07/2019,3.44
30/07/2019,0
31/07/2019,0.24
01/08/2019,0.25
02/08/2019,0.03
03/08/2019,0.69
04/08/2019,0.11
05/08/2019,0.28
06/08/2019,0.08
07/08/2019,0.11
08/08/2019,0
09/08/2019,0.21
10/08/2019,0
11/08/2019,0.2
12/08/2019,0.09
13/08/2019,1.19
14/08/2019,0
15/08/2019,0.51
16/08/2019,0.1
17/08/2019,1.25
18/08/2019,0
19/08/2019,0
20/08/2019,0
21/08/2019,0
22/08/2019,0.11
23/08/2019,0
24/08/2019,0
25/08/2019,0.4
26/08/2019,0.15
27/08/2019,0.26
28/08/2019,0
29/08/2019,0.13
30/08/2019,0
31/08/2019,0.13
01/09/2019,0.34
02/09/2019,0.24
03/09/2019,0.01
04/09/2019,0
05/09/2019,0
06/09/2019,0
07/09/2019,0
08/09/2019,0.14
09/09/2019,0.02
10/09/2019,0
11/09/2019,0
12/09/2019,0.03
13/09/2019,0.23
14/09/2019,0.01
15/09/2019,0.01
16/09/2019,0
17/09/2019,0
18/09/2019,0
19/09/2019,0.04
20/09/2019,0.02
21/09/2019,0
22/09/2019,0
23/09/2019,0
24/09/2019,0
25/09/2019,0
26/09/2019,0
27/09/2019,0
28/09/2019,0
29/09/2019,0
30/09/2019,0
01/10/2019,0.07
02/10/2019,0.04
03/10/2019,0
04/10/2019,0
05/10/2019,0
06/10/2019,0
07/10/2019,0.65
08/10/2019,2.19
09/10/2019,0.25
10/10/2019,0.02
11/10/2019,0.21
12/10/2019,0
13/10/2019,0
14/10/2019,0
15/10/2019,0
16/10/2019,0
17/10/2019,0.65
18/10/2019,0.13
19/10/2019,0.05
20/10/2019,0.15
21/10/2019,0
22/10/2019,0.97
23/10/2019,0
24/10/2019,0
25/10/2019,0
26/10/2019,0
27/10/2019,0
28/10/2019,0
29/10/2019,0
30/10/2019,0
31/10/2019,0
01/11/2019,0
02/11/2019,0.01
03/11/2019,0.01
04/11/2019,0
05/11/2019,0
06/11/2019,0
07/11/2019,0
08/11/2019,0
09/11/2019,0.02
10/11/2019,0
11/11/2019,0
12/11/2019,0
13/11/2019,0
14/11/2019,0
15/11/2019,0.09
16/11/2019,0
17/11/2019,0
18/11/2019,0
19/11/2019,0
20/11/2019,0
21/11/2019,0
22/11/2019,0
23/11/2019,0
24/11/2019,0
25/11/2019,0
26/11/2019,0
27/11/2019,0
28/11/2019,0
29/11/2019,0
30/11/2019,0
01/12/2019,0
02/12/2019,0
03/12/2019,0
04/12/2019,0
05/12/2019,0
06/12/2019,0
07/12/2019,0
08/12/2019,0
09/12/2019,0
10/12/2019,0
11/12/2019,0.25
12/12/2019,0.08
13/12/2019,0.11
14/12/2019,0.04
15/12/2019,0
16/12/2019,0
17/12/2019,0
18/12/2019,0.18
19/12/2019,0
20/12/2019,0
21/12/2019,0
22/12/2019,0.37
23/12/2019,0.23
24/12/2019,0
25/12/2019,0
26/12/2019,0.1
27/12/2019,0.04
28/12/2019,0.17
29/12/2019,0.05
30/12/2019,0.07
31/12/2019,0
01/01/2020,0
02/01/2020,0
03/01/2020,0
04/01/2020,0.02
05/01/2020,0
06/01/2020,0
07/01/2020,0
08/01/2020,0
09/01/2020,0
10/01/2020,0.01
11/01/2020,0
12/01/2020,0
13/01/2020,0
14/01/2020,0
15/01/2020,0
16/01/2020,0
17/01/2020,0
18/01/2020,0
19/01/2020,0
20/01/2020,0
21/01/2020,0
22/01/2020,0
23/01/2020,0
24/01/2020,0.08
25/01/2020,0
26/01/2020,0
27/01/2020,0
28/01/2020,0
29/01/2020,0.01
30/01/2020,0
31/01/2020,1.49
01/02/2020,0.18
02/02/2020,0
03/02/2020,0
04/02/2020,0
05/02/2020,0
06/02/2020,0
07/02/2020,0.97
08/02/2020,0
09/02/2020,0
10/02/2020,0
11/02/2020,0
12/02/2020,0
13/02/2020,0.03
14/02/2020,0
15/02/2020,0.02
16/02/2020,0.27
17/02/2020,0.03
18/02/2020,0
19/02/2020,0
20/02/2020,0
21/02/2020,0.04
22/02/2020,0
23/02/2020,0
24/02/2020,0
25/02/2020,0
26/02/2020,0.08
27/02/2020,0
28/02/2020,0
29/02/2020,0
01/03/2020,0
02/03/2020,0
03/03/2020,0
04/03/2020,0
05/03/2020,0
06/03/2020,0
07/03/2020,0
08/03/2020,0
09/03/2020,0
10/03/2020,0.07
11/03/2020,0.02
12/03/2020,0
13/03/2020,0
14/03/2020,0
15/03/2020,0
16/03/2020,0
17/03/2020,0
18/03/2020,0
19/03/2020,0
20/03/2020,0
21/03/2020,0
22/03/2020,0
23/03/2020,0
24/03/2020,0
25/03/2020,0
26/03/2020,0
27/03/2020,0
28/03/2020,0
29/03/2020,0
30/03/2020,0
31/03/2020,0
01/04/2020,0.12
02/04/2020,0
03/04/2020,0
04/04/2020,0.02
05/04/2020,0.01
06/04/2020,0.07
07/04/2020,0
08/04/2020,0
09/04/2020,0
10/04/2020,0
11/04/2020,0
12/04/2020,0
13/04/2020,0
14/04/2020,0
15/04/2020,0
16/04/2020,0.01
17/04/2020,0.36
18/04/2020,0.02
19/04/2020,0
20/04/2020,0
21/04/2020,0.01
22/04/2020,0
23/04/2020,0
24/04/2020,0
25/04/2020,0
26/04/2020,0.17
27/04/2020,0
28/04/2020,0
29/04/2020,0
30/04/2020,0.59
01/05/2020,0
02/05/2020,0
03/05/2020,0
04/05/2020,0
05/05/2020,0
06/05/2020,0
07/05/2020,0
08/05/2020,0
09/05/2020,0
10/05/2020,0.12
11/05/2020,0
12/05/2020,0
13/05/2020,0
14/05/2020,0.05
15/05/2020,1.25
16/05/2020,0.05
17/05/2020,0
18/05/2020,1.54
19/05/2020,0
20/05/2020,0.24
21/05/2020,1.9
22/05/2020,0
23/05/2020,0
24/05/2020,1.3
25/05/2020,2.71
26/05/2020,0.04
27/05/2020,0.02
28/05/2020,0
29/05/2020,0
30/05/2020,0
31/05/2020,0
01/06/2020,0
02/06/2020,0.02
03/06/2020,1.25
04/06/2020,0.8
05/06/2020,2.24
06/06/2020,0
07/06/2020,0
08/06/2020,0
09/06/2020,0
10/06/2020,0.21
11/06/2020,0
12/06/2020,0
13/06/2020,0.03
14/06/2020,0.4
15/06/2020,0.05
16/06/2020,0
17/06/2020,0.12
18/06/2020,1.25
19/06/2020,0.43
20/06/2020,0
21/06/2020,0
22/06/2020,0.11
23/06/2020,0.29
24/06/2020,0
25/06/2020,0
26/06/2020,0
27/06/2020,0
28/06/2020,0
29/06/2020,0
30/06/2020,0
01/07/2020,0
02/07/2020,0
03/07/2020,0
04/07/2020,0.53
05/07/2020,0.47
06/07/2020,0.04
07/07/2020,0
08/07/2020,0
09/07/2020,0
10/07/2020,0
11/07/2020,0.51
12/07/2020,0.26
13/07/2020,1.08
14/07/2020,0.4
15/07/2020,0.02
16/07/2020,0.02
17/07/2020,0.51
18/07/2020,0.45
19/07/2020,0.33
20/07/2020,0.02
21/07/2020,0.58
22/07/2020,1.17
23/07/2020,0.23
24/07/2020,0
25/07/2020,0
26/07/2020,2.31
27/07/2020,0
28/07/2020,0.17
29/07/2020,0
30/07/2020,0
31/07/2020,0
01/08/2020,1.06
02/08/2020,0
03/08/2020,0.8
04/08/2020,0
05/08/2020,0.06
06/08/2020,0.44
07/08/2020,1.01
08/08/2020,0
09/08/2020,0
10/08/2020,0.03
11/08/2020,0
12/08/2020,0.31
13/08/2020,0.03
14/08/2020,0
15/08/2020,0
16/08/2020,0
17/08/2020,0.01
18/08/2020,0.4
19/08/2020,0.34
20/08/2020,0.01
21/08/2020,0.31
22/08/2020,0.02
23/08/2020,0.01
24/08/2020,0.01
25/08/2020,0
26/08/2020,0.04
27/08/2020,0.03
28/08/2020,0.19
29/08/2020,1.25
30/08/2020,0.18
31/08/2020,0
01/09/2020,0.01
02/09/2020,0
03/09/2020,0
04/09/2020,0
05/09/2020,0.26
06/09/2020,0.57
07/09/2020,0.36
08/09/2020,0.31
09/09/2020,0.9
10/09/2020,0.25
11/09/2020,0
12/09/2020,0.14
13/09/2020,0.12
14/09/2020,0.01
15/09/2020,0
16/09/2020,0.1
17/09/2020,0.01
18/09/2020,0
19/09/2020,0
20/09/2020,0.74
21/09/2020,0.35
22/09/2020,0
23/09/2020,0
24/09/2020,0.24
25/09/2020,0.31
26/09/2020,0.33
27/09/2020,0.28
28/09/2020,0
29/09/2020,0
30/09/2020,0.01
01/10/2020,0.4
02/10/2020,0
03/10/2020,0.13
04/10/2020,0
05/10/2020,0
06/10/2020,0.2
07/10/2020,0
08/10/2020,0
09/10/2020,0.08
10/10/2020,0
11/10/2020,0
12/10/2020,0.27
13/10/2020,0
14/10/2020,0
15/10/2020,0
16/10/2020,0.66
17/10/2020,0
18/10/2020,0.3
19/10/2020,0.38
20/10/2020,0.42
21/10/2020,0.44
22/10/2020,0
23/10/2020,0
24/10/2020,0.07
25/10/2020,2.34
26/10/2020,0.08
27/10/2020,0
28/10/2020,0
29/10/2020,0
30/10/2020,0
31/10/2020,0.36
01/11/2020,0.02
02/11/2020,0
03/11/2020,0
04/11/2020,0
05/11/2020,0.17
06/11/2020,0.06
07/11/2020,1.63
08/11/2020,3.03
09/11/2020,6.6
10/11/2020,0
11/11/2020,0.92
12/11/2020,0
13/11/2020,1.41
14/11/2020,0
15/11/2020,0
16/11/2020,0
17/11/2020,0
18/11/2020,0
19/11/2020,0
20/11/2020,0
21/11/2020,0
22/11/2020,0
23/11/2020,0
24/11/2020,0
25/11/2020,0
26/11/2020,0
27/11/2020,0
28/11/2020,0
29/11/2020,0
30/11/2020,0.07
01/12/2020,0
02/12/2020,0
03/12/2020,0
04/12/2020,0
05/12/2020,0
06/12/2020,0
07/12/2020,2.04
08/12/2020,0
09/12/2020,0
10/12/2020,0
11/12/2020,0
12/12/2020,0.06
13/12/2020,0
14/12/2020,0
15/12/2020,0.19
16/12/2020,0
17/12/2020,0
18/12/2020,0
19/12/2020,0
20/12/2020,0
21/12/2020,0.11
22/12/2020,0
23/12/2020,0
24/12/2020,0.04
25/12/2020,0.01
26/12/2020,0
27/12/2020,0
28/12/2020,0
29/12/2020,0
30/12/2020,0
31/12/2020,0
01/01/2021,0
02/01/2021,0
03/01/2021,0
04/01/2021,0
05/01/2021,0
06/01/2021,0
07/01/2021,0
08/01/2021,0
09/01/2021,0
10/01/2021,0
11/01/2021,0
12/01/2021,0
13/01/2021,0.33
14/01/2021,0.01
15/01/2021,0
16/01/2021,0
17/01/2021,0.02
18/01/2021,0
19/01/2021,0
20/01/2021,0
21/01/2021,0
22/01/2021,0
23/01/2021,0
24/01/2021,0
25/01/2021,0
26/01/2021,0
27/01/2021,0
28/01/2021,0
29/01/2021,0
30/01/2021,0
31/01/2021,0
01/02/2021,0.03
02/02/2021,0
03/02/2021,0
04/02/2021,0
05/02/2021,0
06/02/2021,0.02
07/02/2021,0
08/02/2021,0.09
09/02/2021,0
10/02/2021,0
11/02/2021,0
12/02/2021,0
13/02/2021,0.03
14/02/2021,0
15/02/2021,0
16/02/2021,0.1
17/02/2021,0
18/02/2021,0
19/02/2021,0.05
20/02/2021,0
21/02/2021,0
22/02/2021,0
23/02/2021,0.01
24/02/2021,0
25/02/2021,0
26/02/2021,0
27/02/2021,0
28/02/2021,0
01/03/2021,0
02/03/2021,0
03/03/2021,0
04/03/2021,0
05/03/2021,0
06/03/2021,0.73
07/03/2021,0
08/03/2021,0
09/03/2021,0
10/03/2021,0
11/03/2021,0
12/03/2021,0
13/03/2021,0
14/03/2021,0
15/03/2021,0
16/03/2021,0
17/03/2021,0
18/03/2021,0
19/03/2021,0
20/03/2021,0
21/03/2021,0
22/03/2021,0
23/03/2021,0
24/03/2021,0
25/03/2021,0
26/03/2021,0
27/03/2021,0
28/03/2021,0
29/03/2021,0
30/03/2021,0
31/03/2021,0
01/04/2021,0.02
02/04/2021,0
03/04/2021,0
04/04/2021,0
05/04/2021,0
06/04/2021,0
07/04/2021,0
08/04/2021,0
09/04/2021,0
10/04/2021,0.08
11/04/2021,1.09
12/04/2021,0.35
13/04/2021,0
14/04/2021,0
15/04/2021,0
16/04/2021,0
17/04/2021,0
18/04/2021,0
19/04/2021,0.26
20/04/2021,0.01
21/04/2021,0
22/04/2021,0
23/04/2021,0
24/04/2021,0
25/04/2021,0
26/04/2021,0
27/04/2021,0
28/04/2021,0
29/04/2021,0
30/04/2021,0
01/05/2021,0
02/05/2021,0
03/05/2021,0
04/05/2021,0
05/05/2021,0
06/05/2021,0
07/05/2021,0
08/05/2021,0
09/05/2021,0
10/05/2021,0
11/05/2021,0.01
12/05/2021,0.2
13/05/2021,0
14/05/2021,0
15/05/2021,0
16/05/2021,0
17/05/2021,0
18/05/2021,0
19/05/2021,0
20/05/2021,0
21/05/2021,0
22/05/2021,0
23/05/2021,0
24/05/2021,0
25/05/2021,0
26/05/2021,0
27/05/2021,0
28/05/2021,0
29/05/2021,0
30/05/2021,0.05
31/05/2021,0.01
01/06/2021,0.09
02/06/2021,1.59
03/06/2021,0.43
04/06/2021,0.03
05/06/2021,0
06/06/2021,0
07/06/2021,0
08/06/2021,0
09/06/2021,0
10/06/2021,0
11/06/2021,0.08
12/06/2021,0.1
13/06/2021,0
14/06/2021,0.58
15/06/2021,1.83
16/06/2021,1.35
17/06/2021,0.01
18/06/2021,0.01
19/06/2021,0
20/06/2021,0.01
21/06/2021,0
22/06/2021,0.18
23/06/2021,1.19
24/06/2021,0.01
25/06/2021,0.07
26/06/2021,0.44
27/06/2021,0
28/06/2021,0.83
29/06/2021,0.62
30/06/2021,0.02
01/07/2021,0.22
02/07/2021,0
03/07/2021,0
04/07/2021,0.74
05/07/2021,0.17
06/07/2021,0.75
07/07/2021,0.36
08/07/2021,0.26
09/07/2021,0.03
10/07/2021,0
11/07/2021,0.05
12/07/2021,0.04
13/07/2021,0.32
14/07/2021,0.51
15/07/2021,0.01
16/07/2021,0.15
17/07/2021,0
18/07/2021,0
19/07/2021,0
20/07/2021,0.07
21/07/2021,0
22/07/2021,0
23/07/2021,0.05
24/07/2021,0.13
25/07/2021,0.01
26/07/2021,0
27/07/2021,1.47
28/07/2021,0
29/07/2021,0.41
30/07/2021,0.13
31/07/2021,0.72
01/08/2021,0.49
02/08/2021,0
03/08/2021,1.34
04/08/2021,0.42
05/08/2021,0.37
06/08/2021,0.45
07/08/2021,0.05
08/08/2021,0.03
09/08/2021,0.18
10/08/2021,0.01
11/08/2021,0.01
12/08/2021,0
13/08/2021,0.86
14/08/2021,0.45
15/08/2021,0.03
16/08/2021,0
17/08/2021,0
18/08/2021,0
19/08/2021,0
20/08/2021,0
21/08/2021,0
22/08/2021,0.06
23/08/2021,0.02
24/08/2021,0
25/08/2021,0.05
26/08/2021,0.33
27/08/2021,0
28/08/2021,0
29/08/2021,0.1
30/08/2021,0.32
31/08/2021,0
01/09/2021,0.1
02/09/2021,0.73
03/09/2021,0.12
04/09/2021,0
05/09/2021,0.01
06/09/2021,0.7
07/09/2021,1.3
08/09/2021,0.19
09/09/2021,0.01
10/09/2021,0.07
11/09/2021,0
12/09/2021,0.01
13/09/2021,0.13
14/09/2021,0.25
15/09/2021,0
16/09/2021,0.68
17/09/2021,0.06
18/09/2021,0.05
19/09/2021,1.82
20/09/2021,0.39
21/09/2021,0.73
22/09/2021,0.01
23/09/2021,0.21
24/09/2021,0
25/09/2021,0
26/09/2021,0.04
27/09/2021,0
28/09/2021,0
29/09/2021,0
30/09/2021,0
01/10/2021,0.03
02/10/2021,0
03/10/2021,0
04/10/2021,0.02
05/10/2021,0
06/10/2021,0.29
07/10/2021,0.01
08/10/2021,0.39
09/10/2021,0.72
10/10/2021,0
11/10/2021,0
12/10/2021,0.03
13/10/2021,0
14/10/2021,0
15/10/2021,0
16/10/2021,0
17/10/2021,0
18/10/2021,0
19/10/2021,0
20/10/2021,0
21/10/2021,0
22/10/2021,0.13
23/10/2021,0
24/10/2021,0.79
25/10/2021,0.07
26/10/2021,0
27/10/2021,0
28/10/2021,0.3
29/10/2021,0.04
30/10/2021,0
31/10/2021,0
01/11/2021,0
02/11/2021,0
03/11/2021,0
04/11/2021,0
05/11/2021,3.17
06/11/2021,0.06
07/11/2021,0
08/11/2021,0
09/11/2021,0
10/11/2021,0
11/11/2021,0
12/11/2021,0.1
13/11/2021,0
14/11/2021,0
15/11/2021,0
16/11/2021,0
17/11/2021,0
18/11/2021,0.09
19/11/2021,0
20/11/2021,0
21/11/2021,0.18
22/11/2021,0
23/11/2021,0
24/11/2021,0
25/11/2021,0
26/11/2021,0
27/11/2021,0
28/11/2021,0
29/11/2021,0
30/11/2021,0
01/12/2021,0
02/12/2021,0
03/12/2021,0
04/12/2021,0
05/12/2021,0
06/12/2021,0.06
07/12/2021,0
08/12/2021,0
09/12/2021,0
10/12/2021,0.09
11/12/2021,0
12/12/2021,0
13/12/2021,0
14/12/2021,0
15/12/2021,0.16
16/12/2021,0
17/12/2021,0
18/12/2021,0
19/12/2021,0.02
20/12/2021,0.01
21/12/2021,0.08
22/12/2021,0
23/12/2021,0
24/12/2021,0
25/12/2021,0
26/12/2021,0
27/12/2021,0
28/12/2021,0
29/12/2021,0
30/12/2021,0
31/12/2021,0
01/01/2022,0
02/01/2022,0
03/01/2022,0.01
04/01/2022,0
05/01/2022,0
06/01/2022,0
07/01/2022,0
08/01/2022,0
09/01/2022,0
10/01/2022,0.05
11/01/2022,0
12/01/2022,0
13/01/2022,0.05
14/01/2022,0
15/01/2022,0
16/01/2022,0.35
17/01/2022,0
18/01/2022,0
19/01/2022,0
20/01/2022,0.36
21/01/2022,0.01
22/01/2022,0
23/01/2022,0
24/01/2022,0
25/01/2022,0
26/01/2022,0.44
27/01/2022,0
28/01/2022,0
29/01/2022,0
30/01/2022,0
31/01/2022,0
01/02/2022,0
02/02/2022,0
03/02/2022,0
04/02/2022,0
05/02/2022,0.62
06/02/2022,0.01
07/02/2022,0.01
08/02/2022,0.01
09/02/2022,0.22
10/02/2022,0
11/02/2022,0
12/02/2022,0
13/02/2022,0.68
14/02/2022,0
15/02/2022,0
16/02/2022,0.04
17/02/2022,0.06
18/02/2022,0.05
19/02/2022,0.07
20/02/2022,0
21/02/2022,0
22/02/2022,0
23/02/2022,0
24/02/2022,0
25/02/2022,0
26/02/2022,0
27/02/2022,0.02
28/02/2022,0
01/03/2022,0
02/03/2022,0
03/03/2022,0
04/03/2022,0
05/03/2022,0
06/03/2022,0
07/03/2022,0.06
08/03/2022,0
09/03/2022,0
10/03/2022,0
11/03/2022,0
12/03/2022,0.11
13/03/2022,0
14/03/2022,0
15/03/2022,0.19
16/03/2022,0.19
17/03/2022,0
18/03/2022,0
19/03/2022,0
20/03/2022,0
21/03/2022,0
22/03/2022,0
23/03/2022,0.02
24/03/2022,0.03
25/03/2022,0.03
26/03/2022,0
27/03/2022,0
28/03/2022,0
29/03/2022,0
30/03/2022,0
31/03/2022,0
01/04/2022,0.01
02/04/2022,0.11
03/04/2022,0.03
04/04/2022,0.05
05/04/2022,0
06/04/2022,0
07/04/2022,0
08/04/2022,0
09/04/2022,0
10/04/2022,0
11/04/2022,0
12/04/2022,0
13/04/2022,0
14/04/2022,0.25
15/04/2022,0.08
16/04/2022,0
17/04/2022,0
18/04/2022,0.02
19/04/2022,0
20/04/2022,0
21/04/2022,0
22/04/2022,0
23/04/2022,0
24/04/2022,0
25/04/2022,0
26/04/2022,0
27/04/2022,0
28/04/2022,0.02
29/04/2022,1.34
30/04/2022,0.06
01/05/2022,0.39
02/05/2022,0.53
03/05/2022,0
04/05/2022,0
05/05/2022,0
06/05/2022,0
07/05/2022,0.11
08/05/2022,0
09/05/2022,0
10/05/2022,0
11/05/2022,0
12/05/2022,0.17
13/05/2022,0
14/05/2022,0.68
15/05/2022,0
16/05/2022,0
17/05/2022,0
18/05/2022,0
19/05/2022,0
20/05/2022,2.58
21/05/2022,0
22/05/2022,0
23/05/2022,0
24/05/2022,0
25/05/2022,0
26/05/2022,0
27/05/2022,0.07
28/05/2022,0.11
29/05/2022,0.17
30/05/2022,0.02
31/05/2022,0.05
01/06/2022,0.01
02/06/2022,0.88
03/06/2022,1.39
04/06/2022,1.22
05/06/2022,0
06/06/2022,0.12
07/06/2022,0
08/06/2022,0.14
09/06/2022,0.5
10/06/2022,2.17
11/06/2022,0.11
12/06/2022,0.22
13/06/2022,0.13
14/06/2022,0
15/06/2022,0
16/06/2022,0
17/06/2022,0
18/06/2022,0
19/06/2022,0.15
20/06/2022,0.02
21/06/2022,0
22/06/2022,0.02
23/06/2022,0
24/06/2022,0.56
25/06/2022,0.11
26/06/2022,0.68
27/06/2022,0.42
28/06/2022,0
29/06/2022,0.22
30/06/2022,0.41
01/07/2022,0
02/07/2022,0.02
03/07/2022,0
04/07/2022,0.13
05/07/2022,0.09
06/07/2022,0.16
07/07/2022,0
08/07/2022,0
09/07/2022,0
10/07/2022,0.18
11/07/2022,0.04
12/07/2022,0.13
13/07/2022,0.55
14/07/2022,0
15/07/2022,0.24
16/07/2022,1.05
17/07/2022,0.44
18/07/2022,0.29
19/07/2022,0
20/07/2022,0
21/07/2022,0
22/07/2022,0.02
23/07/2022,0.01
24/07/2022,0
25/07/2022,0.08
26/07/2022,0.41
27/07/2022,0.44
28/07/2022,0
29/07/2022,0
30/07/2022,0
31/07/2022,0
01/08/2022,0
02/08/2022,0
03/08/2022,0.01
04/08/2022,0.11
05/08/2022,0
06/08/2022,0
07/08/2022,0.01
08/08/2022,0.02
09/08/2022,0
10/08/2022,0
11/08/2022,0
12/08/2022,0
13/08/2022,0.05
14/08/2022,0.47
15/08/2022,0
16/08/2022,0.2
17/08/2022,0.19
18/08/2022,0
19/08/2022,0
20/08/2022,0.01
21/08/2022,0
22/08/2022,0.01
23/08/2022,0.28
24/08/2022,0.39
25/08/2022,0.24
26/08/2022,0.02
27/08/2022,1.4
28/08/2022,0.48
29/08/2022,0
30/08/2022,0
31/08/2022,0.03
01/09/2022,0.43
02/09/2022,0.92
03/09/2022,0
04/09/2022,0
05/09/2022,0.03
06/09/2022,0.12
07/09/2022,0
08/09/2022,0.78
09/09/2022,0.29
10/09/2022,0.01
11/09/2022,0.64
12/09/2022,0
13/09/2022,1.91
14/09/2022,0.01
15/09/2022,0.36
16/09/2022,0.18
17/09/2022,2.02
18/09/2022,0
19/09/2022,0.02
20/09/2022,0.63
21/09/2022,0.34
22/09/2022,0.08
23/09/2022,0
24/09/2022,0.02
25/09/2022,0
26/09/2022,1.18
27/09/2022,2.43
28/09/2022,0.55
29/09/2022,0
30/09/2022,0
01/10/2022,0
02/10/2022,0
03/10/2022,0
04/10/2022,0
05/10/2022,0
06/10/2022,0
07/10/2022,0
08/10/2022,0
09/10/2022,0.27
10/10/2022,0
11/10/2022,0
12/10/2022,0
13/10/2022,0.23
14/10/2022,0
15/10/2022,0
16/10/2022,0
17/10/2022,0
18/10/2022,0
19/10/2022,0.15
20/10/2022,0
21/10/2022,0
22/10/2022,0
23/10/2022,0
24/10/2022,0
25/10/2022,0
26/10/2022,0
27/10/2022,0
28/10/2022,0
29/10/2022,0
30/10/2022,0
31/10/2022,0
01/11/2022,0
02/11/2022,0
03/11/2022,0.04
04/11/2022,0.01
05/11/2022,0
06/11/2022,0.08
07/11/2022,0
08/11/2022,0.04
09/11/2022,0.31
10/11/2022,0.18
11/11/2022,0
12/11/2022,0.2
13/11/2022,0
14/11/2022,0
15/11/2022,0
16/11/2022,0
17/11/2022,0
18/11/2022,0
19/11/2022,0
20/11/2022,0.47
21/11/2022,0
22/11/2022,0
23/11/2022,0
24/11/2022,0
25/11/2022,0
26/11/2022,0
27/11/2022,0
28/11/2022,0
29/11/2022,0
30/11/2022,0.05
01/12/2022,0
02/12/2022,0
03/12/2022,0
04/12/2022,0
05/12/2022,0
06/12/2022,0
07/12/2022,0
08/12/2022,0
09/12/2022,0
10/12/2022,0
11/12/2022,0
12/12/2022,0
13/12/2022,0
14/12/2022,0
15/12/2022,0.05
16/12/2022,0
17/12/2022,0.21
18/12/2022,0
19/12/2022,0
20/12/2022,0.06
21/12/2022,0
22/12/2022,0
23/12/2022,0
24/12/2022,0
25/12/2022,0
26/12/2022,0.15
27/12/2022,0.21
28/12/2022,0
29/12/2022,0
30/12/2022,0
31/12/2022,0
01/01/2023,0
02/01/2023,0
03/01/2023,0
04/01/2023,0.19
05/01/2023,0
06/01/2023,0
07/01/2023,0
08/01/2023,0
09/01/2023,0
10/01/2023,0
11/01/2023,0
12/01/2023,0
13/01/2023,0.03
14/01/2023,0
15/01/2023,0
16/01/2023,0
17/01/2023,0
18/01/2023,0
19/01/2023,0
20/01/2023,0
21/01/2023,0
22/01/2023,0
23/01/2023,0.09
24/01/2023,0
25/01/2023,0
26/01/2023,0.02
27/01/2023,0
28/01/2023,0
29/01/2023,0
30/01/2023,0
31/01/2023,0
01/02/2023,0
02/02/2023,0
03/02/2023,0
04/02/2023,0
05/02/2023,0.88
06/02/2023,0
07/02/2023,0
08/02/2023,0
09/02/2023,0
10/02/2023,0
11/02/2023,0
12/02/2023,0
13/02/2023,0
14/02/2023,0
15/02/2023,0
16/02/2023,0
17/02/2023,0
18/02/2023,0
19/02/2023,0.03
20/02/2023,0
21/02/2023,0
22/02/2023,0
23/02/2023,0
24/02/2023,0
25/02/2023,0
26/02/2023,0
27/02/2023,0
28/02/2023,0
01/03/2023,0
02/03/2023,0
03/03/2023,0
04/03/2023,0
05/03/2023,0
06/03/2023,0
07/03/2023,0
08/03/2023,0.01
09/03/2023,0
10/03/2023,0
11/03/2023,0
12/03/2023,0
13/03/2023,0.33
14/03/2023,0
15/03/2023,0.01
16/03/2023,0
17/03/2023,0
18/03/2023,0
19/03/2023,0.03
20/03/2023,0.18
21/03/2023,0
22/03/2023,0
23/03/2023,0
24/03/2023,0
25/03/2023,0
26/03/2023,0
27/03/2023,0.1
28/03/2023,0
29/03/2023,0.52
30/03/2023,0
31/03/2023,0
01/04/2023,0
02/04/2023,0
03/04/2023,0.45
04/04/2023,0
05/04/2023,0
06/04/2023,0
07/04/2023,0
08/04/2023,1.8
09/04/2023,0.44
10/04/2023,0.17
11/04/2023,0.04
12/04/2023,0.81
13/04/2023,0.72
14/04/2023,0.13
15/04/2023,0
16/04/2023,0.78
17/04/2023,1.32
18/04/2023,0
19/04/2023,0
20/04/2023,0
21/04/2023,0.11
22/04/2023,0
23/04/2023,0
24/04/2023,0.75
25/04/2023,0.24
26/04/2023,0.48
27/04/2023,0
28/04/2023,0
29/04/2023,0.07
30/04/2023,0.14
01/05/2023,0
02/05/2023,0
03/05/2023,0
04/05/2023,0
05/05/2023,0
06/05/2023,0.03
07/05/2023,0.01
08/05/2023,0
09/05/2023,0
10/05/2023,0
11/05/2023,0
12/05/2023,0
13/05/2023,0
14/05/2023,0
15/05/2023,0.06
16/05/2023,0
17/05/2023,0
18/05/2023,0
19/05/2023,0
20/05/2023,0
21/05/2023,0.04
22/05/2023,2.87
23/05/2023,0.33
24/05/2023,0.08
25/05/2023,0.37
26/05/2023,0.05
27/05/2023,0
28/05/2023,0
29/05/2023,0
30/05/2023,1.1
31/05/2023,0.19
01/06/2023,0.04
02/06/2023,0
03/06/2023,0
04/06/2023,3.46
05/06/2023,0
06/06/2023,0.06
07/06/2023,0
08/06/2023,0.27
09/06/2023,0.14
10/06/2023,0.15
11/06/2023,0.04
12/06/2023,0.6
13/06/2023,0.54
14/06/2023,0.43
15/06/2023,0
16/06/2023,0
17/06/2023,0.07
18/06/2023,1.06
19/06/2023,0.43
20/06/2023,1.33
21/06/2023,0
22/06/2023,0.31
23/06/2023,0.04
24/06/2023,0.37
25/06/2023,0.04
26/06/2023,0.01
27/06/2023,0.06
28/06/2023,0
29/06/2023,0.1
30/06/2023,0
01/07/2023,0
02/07/2023,0.6
03/07/2023,0.93
04/07/2023,0
05/07/2023,0
06/07/2023,0
07/07/2023,0
08/07/2023,0.16
09/07/2023,0
10/07/2023,0.01
11/07/2023,0
12/07/2023,0
13/07/2023,0.01
14/07/2023,0.35
15/07/2023,0.23
16/07/2023,0.01
17/07/2023,0.16
18/07/2023,0.29
19/07/2023,0.01
20/07/2023,0
21/07/2023,0.03
22/07/2023,0.3
23/07/2023,0
24/07/2023,0
25/07/2023,0.01
26/07/2023,0.37
27/07/2023,0.02
28/07/2023,0
29/07/2023,0
30/07/2023,0.35
31/07/2023,0.31
01/08/2023,0.35
02/08/2023,1.75
03/08/2023,0.28
04/08/2023,0
05/08/2023,0
06/08/2023,0
07/08/2023,0
08/08/2023,0.45
09/08/2023,0
10/08/2023,0.14
11/08/2023,0.16
12/08/2023,0
13/08/2023,0.94
14/08/2023,0
15/08/2023,0
16/08/2023,0
17/08/2023,0.43
18/08/2023,0.44
19/08/2023,0.05
20/08/2023,0.13
21/08/2023,0.13
22/08/2023,0.01
23/08/2023,0.01
24/08/2023,0.23
25/08/2023,0
26/08/2023,0
27/08/2023,0.03
28/08/2023,0.04
29/08/2023,0.51
30/08/2023,0.04
31/08/2023,1.32
01/09/2023,0.45
02/09/2023,0
03/09/2023,0
04/09/2023,0
05/09/2023,0
06/09/2023,0
07/09/2023,0
08/09/2023,0.04
09/09/2023,0.01
10/09/2023,0.49
11/09/2023,0
12/09/2023,0.06
13/09/2023,0
14/09/2023,0
15/09/2023,0
16/09/2023,0
17/09/2023,0
18/09/2023,0.18
19/09/2023,0.66
20/09/2023,0.07
21/09/2023,0.01
22/09/2023,0
23/09/2023,0
24/09/2023,0.2
25/09/2023,0.23
26/09/2023,0.14
27/09/2023,0.02
28/09/2023,0
29/09/2023,0
30/09/2023,1.58
01/10/2023,0.16
02/10/2023,0.03
03/10/2023,0
04/10/2023,0
05/10/2023,0
06/10/2023,0
07/10/2023,0.01
08/10/2023,0.26
09/10/2023,0.01
10/10/2023,0
11/10/2023,0.02
12/10/2023,0
13/10/2023,0.03
14/10/2023,0.56
15/10/2023,0
16/10/2023,0
17/10/2023,0
18/10/2023,0
19/10/2023,0
20/10/2023,0
21/10/2023,0
22/10/2023,0
23/10/2023,0
24/10/2023,0
25/10/2023,0
26/10/2023,0
27/10/2023,0
28/10/2023,0
29/10/2023,0
30/10/2023,0
31/10/2023,0
01/11/2023,0
02/11/2023,0
03/11/2023,0
04/11/2023,0
05/11/2023,0
06/11/2023,0
07/11/2023,0
08/11/2023,0
09/11/2023,0
10/11/2023,0
11/11/2023,0
12/11/2023,0
13/11/2023,0.04
14/11/2023,1.24
15/11/2023,2.34
16/11/2023,0.08
17/11/2023,0
18/11/2023,0
19/11/2023,0
20/11/2023,0
21/11/2023,0
22/11/2023,0
23/11/2023,0
24/11/2023,0
25/11/2023,0
26/11/2023,0
27/11/2023,0
28/11/2023,0
29/11/2023,0
30/11/2023,0
01/12/2023,0
02/12/2023,0
03/12/2023,0
04/12/2023,0
05/12/2023,0
06/12/2023,0
07/12/2023,0
08/12/2023,0
09/12/2023,0
10/12/2023,0.04
11/12/2023,0
12/12/2023,0
13/12/2023,0.11
14/12/2023,0
15/12/2023,0.04
16/12/2023,1.44
17/12/2023,0.66
18/12/2023,0
19/12/2023,0
20/12/2023,0
21/12/2023,0
22/12/2023,0
23/12/2023,0
24/12/2023,0
25/12/2023,0.48
26/12/2023,0.15
27/12/2023,0
28/12/2023,0.5
29/12/2023,0
30/12/2023,0
31/12/2023,0
01/01/2024,0
02/01/2024,0
03/01/2024,0
04/01/2024,0
05/01/2024,0
06/01/2024,0
07/01/2024,0
08/01/2024,0
09/01/2024,0
10/01/2024,0
11/01/2024,0
12/01/2024,0
13/01/2024,0
14/01/2024,0
15/01/2024,0
16/01/2024,0
17/01/2024,0
18/01/2024,0
19/01/2024,0
20/01/2024,0
21/01/2024,0
22/01/2024,0
23/01/2024,0
24/01/2024,0
25/01/2024,0
26/01/2024,0
27/01/2024,0
28/01/2024,0
29/01/2024,0
30/01/2024,0
31/01/2024,0
01/02/2024,0
02/02/2024,0
03/02/2024,0
04/02/2024,0.19
05/02/2024,0.03
06/02/2024,0
07/02/2024,0
08/02/2024,0
09/02/2024,0
10/02/2024,0
11/02/2024,0.1
12/02/2024,0
13/02/2024,0.01
14/02/2024,0
15/02/2024,0
16/02/2024,0
17/02/2024,0.03
18/02/2024,2.58
19/02/2024,0.01
20/02/2024,0
21/02/2024,0
22/02/2024,0
23/02/2024,0
24/02/2024,0.08
25/02/2024,0
26/02/2024,0
27/02/2024,0
28/02/2024,0
29/02/2024,0
01/03/2024,0
02/03/2024,0
03/03/2024,0.17
04/03/2024,0
05/03/2024,0
06/03/2024,0.45
07/03/2024,0.2
08/03/2024,0.22
09/03/2024,0
10/03/2024,0.01
11/03/2024,0
12/03/2024,0
13/03/2024,0
14/03/2024,0
15/03/2024,0
16/03/2024,0
17/03/2024,0
18/03/2024,0
19/03/2024,0.09
20/03/2024,0
21/03/2024,0
22/03/2024,3.04
23/03/2024,0
24/03/2024,0
25/03/2024,0
26/03/2024,0
27/03/2024,0
28/03/2024,0
29/03/2024,0
30/03/2024,0
31/03/2024,0
01/04/2024,0
02/04/2024,0
03/04/2024,0
04/04/2024,0.14
05/04/2024,0
06/04/2024,0
07/04/2024,0
08/04/2024,0
09/04/2024,0
10/04/2024,0
11/04/2024,0.01
12/04/2024,0
13/04/2024,0
14/04/2024,0
15/04/2024,0
16/04/2024,0
17/04/2024,0
18/04/2024,0
19/04/2024,0
20/04/2024,0
21/04/2024,0
22/04/2024,0.06
23/04/2024,0
24/04/2024,0
25/04/2024,0
26/04/2024,0
27/04/2024,0.01
28/04/2024,0
29/04/2024,0
30/04/2024,0.72
01/05/2024,0
02/05/2024,0
03/05/2024,0
04/05/2024,0
05/05/2024,0
06/05/2024,0
07/05/2024,0
08/05/2024,0
09/05/2024,0
10/05/2024,0
11/05/2024,0
12/05/2024,0
13/05/2024,0
14/05/2024,0
15/05/2024,0
16/05/2024,0.03
17/05/2024,0
18/05/2024,0
19/05/2024,0
20/05/2024,0
21/05/2024,0
22/05/2024,0.05
23/05/2024,0
24/05/2024,0
25/05/2024,0.59
26/05/2024,0
27/05/2024,0
28/05/2024,0.72
29/05/2024,0.89
30/05/2024,0.04
31/05/2024,0
01/06/2024,0
02/06/2024,1.69
03/06/2024,0
04/06/2024,0
05/06/2024,0
06/06/2024,2.18
07/06/2024,0.43
08/06/2024,0.07
09/06/2024,0.2
10/06/2024,0.05
11/06/2024,2.53
12/06/2024,9.66
13/06/2024,1.37
14/06/2024,0.01
15/06/2024,0
16/06/2024,0
17/06/2024,0
18/06/2024,0
19/06/2024,0.08
20/06/2024,0.02
21/06/2024,0.13
22/06/2024,0.06
23/06/2024,0.02
24/06/2024,0.02
25/06/2024,0.46
26/06/2024,0.35
27/06/2024,0
28/06/2024,0.08
29/06/2024,0
30/06/2024,0.71
01/07/2024,0.5
02/07/2024,0
03/07/2024,0.1
04/07/2024,0
05/07/2024,0.99
06/07/2024,0
07/07/2024,0.81
08/07/2024,0.86
09/07/2024,0.19
10/07/2024,0.01
11/07/2024,0.35
12/07/2024,0.12
13/07/2024,0.12
14/07/2024,0
15/07/2024,0.02
16/07/2024,0.02
17/07/2024,0
18/07/2024,0.09
19/07/2024,0.01
20/07/2024,0.08
21/07/2024,0
22/07/2024,1.52
23/07/2024,0.71
24/07/2024,0
25/07/2024,0
26/07/2024,0.29
27/07/2024,0
28/07/2024,0
29/07/2024,0.86
30/07/2024,0.03
31/07/2024,0
01/08/2024,0.06
02/08/2024,0.01
03/08/2024,1.63
04/08/2024,0.31
05/08/2024,0.1
06/08/2024,0.28
07/08/2024,0
08/08/2024,0.15
09/08/2024,0.66
10/08/2024,0.61
11/08/2024,0.02
12/08/2024,0.43
13/08/2024,0.07
14/08/2024,0
15/08/2024,0.04
16/08/2024,0
17/08/2024,0
18/08/2024,0
19/08/2024,0
20/08/2024,0.26
21/08/2024,0.54
22/08/2024,0.37
23/08/2024,0.02
24/08/2024,0.05
25/08/2024,0.18
26/08/2024,0
27/08/2024,0
28/08/2024,0.01
29/08/2024,0.1
30/08/2024,0.07
31/08/2024,0.03
01/09/2024,0.19
02/09/2024,0.92
03/09/2024,0.08
04/09/2024,0.07
05/09/2024,0
06/09/2024,0
07/09/2024,0.29
08/09/2024,0
09/09/2024,3.17
10/09/2024,1.64
11/09/2024,0.29
12/09/2024,0
13/09/2024,0.02
14/09/2024,0.22
15/09/2024,0.3
16/09/2024,0
17/09/2024,0.01
18/09/2024,0.99
19/09/2024,0.28
20/09/2024,0
21/09/2024,0.1
22/09/2024,0
23/09/2024,0.05
24/09/2024,0
25/09/2024,0.44
26/09/2024,0.57
27/09/2024,0.14
28/09/2024,0
29/09/2024,0
30/09/2024,0
01/10/2024,0.06
02/10/2024,0.02
03/10/2024,0
04/10/2024,0
05/10/2024,0
06/10/2024,0.49
07/10/2024,0.36
08/10/2024,0.98
09/10/2024,0.2
10/10/2024,0
11/10/2024,0.04
12/10/2024,0.04
13/10/2024,0
14/10/2024,0
15/10/2024,0
16/10/2024,0
17/10/2024,0
18/10/2024,0
19/10/2024,0
20/10/2024,0.02
21/10/2024,0.16
22/10/2024,0
23/10/2024,0
24/10/2024,0.02
25/10/2024,0
26/10/2024,0
27/10/2024,0
28/10/2024,0
29/10/2024,0
30/10/2024,2.2
31/10/2024,0
01/11/2024,0
02/11/2024,0.04
03/11/2024,0
04/11/2024,0
05/11/2024,0.1
06/11/2024,0
07/11/2024,0
08/11/2024,0.02
09/11/2024,0.01
10/11/2024,0.08
11/11/2024,0
12/11/2024,0
13/11/2024,0
14/11/2024,0
15/11/2024,0
16/11/2024,0
17/11/2024,0
18/11/2024,0
19/11/2024,0
20/11/2024,0.01
21/11/2024,0.01
22/11/2024,0
23/11/2024,0
24/11/2024,0
25/11/2024,0
26/11/2024,0
27/11/2024,0
28/11/2024,0
29/11/2024,0
30/11/2024,0
01/12/2024,0
02/12/2024,0
03/12/2024,0
04/12/2024,0
05/12/2024,0
06/12/2024,0
07/12/2024,0
08/12/2024,0
09/12/2024,0
10/12/2024,0
11/12/2024,0.01
12/12/2024,0
13/12/2024,0
14/12/2024,0.03
15/12/2024,0
16/12/2024,0
17/12/2024,0.04
18/12/2024,0.47
19/12/2024,0
20/12/2024,0
21/12/2024,0
22/12/2024,0
23/12/2024,0
24/12/2024,0
25/12/2024,0
26/12/2024,0
27/12/2024,0
28/12/2024,0.04
29/12/2024,0.73
30/12/2024,0
31/12/2024,0
01/01/2025,0
02/01/2025,0
03/01/2025,0
04/01/2025,0
05/01/2025,0
06/01/2025,0
07/01/2025,0
08/01/2025,0
09/01/2025,0
10/01/2025,0
11/01/2025,0.07
12/01/2025,0
13/01/2025,0
14/01/2025,0
15/01/2025,0
16/01/2025,0
17/01/2025,0.22
18/01/2025,0
19/01/2025,0.05
20/01/2025,0.1
21/01/2025,0
22/01/2025,0.02
23/01/2025,0
24/01/2025,0
25/01/2025,0
26/01/2025,0
27/01/2025,0
28/01/2025,0
29/01/2025,0
30/01/2025,0
31/01/2025,0
01/02/2025,0
02/02/2025,0
03/02/2025,0.07
04/02/2025,0
05/02/2025,0
06/02/2025,0
07/02/2025,0
08/02/2025,0
09/02/2025,0
10/02/2025,0
11/02/2025,0
12/02/2025,0
13/02/2025,0
14/02/2025,0
15/02/2025,0
16/02/2025,0
17/02/2025,0
18/02/2025,0.22
19/02/2025,0
20/02/2025,0
21/02/2025,0
22/02/2025,0
23/02/2025,0
24/02/2025,0.35
25/02/2025,0.09
26/02/2025,0
27/02/2025,0
28/02/2025,0
01/03/2025,0
02/03/2025,0
03/03/2025,0
04/03/2025,0
05/03/2025,0.02
06/03/2025,0
07/03/2025,0
08/03/2025,0
09/03/2025,0
10/03/2025,0.01
11/03/2025,0
12/03/2025,0
13/03/2025,0
14/03/2025,0
15/03/2025,0
16/03/2025,0.02
17/03/2025,0
18/03/2025,0
19/03/2025,0
20/03/2025,0
21/03/2025,0
22/03/2025,0
23/03/2025,0
24/03/2025,0
25/03/2025,0
26/03/2025,0
27/03/2025,0
28/03/2025,0
29/03/2025,0.11
30/03/2025,0.01
31/03/2025,0.19
01/04/2025,0
02/04/2025,0
03/04/2025,0
04/04/2025,0
05/04/2025,0
06/04/2025,0
07/04/2025,0
08/04/2025,0.29
09/04/2025,0
10/04/2025,0.02
11/04/2025,0
12/04/2025,0
13/04/2025,0
14/04/2025,0
15/04/2025,0
16/04/2025,0
17/04/2025,0
18/04/2025,0
19/04/2025,0
20/04/2025,0
21/04/2025,0
22/04/2025,0
23/04/2025,0
24/04/2025,0
25/04/2025,0
26/04/2025,0
27/04/2025,0
28/04/2025,0
29/04/2025,0
30/04/2025,0
01/05/2025,0
02/05/2025,0
03/05/2025,0.01
04/05/2025,0.54
05/05/2025,2.76
06/05/2025,0.02
07/05/2025,0
08/05/2025,0
09/05/2025,0
10/05/2025,0
11/05/2025,0.01
12/05/2025,1.97
13/05/2025,0
14/05/2025,0
15/05/2025,0
16/05/2025,0
17/05/2025,0
18/05/2025,0
19/05/2025,0
20/05/2025,0
21/05/2025,0
22/05/2025,0.49
23/05/2025,1.34
24/05/2025,0.49
25/05/2025,0
26/05/2025,0.5
27/05/2025,0.1
28/05/2025,0
29/05/2025,0.07
30/05/2025,0.23
31/05/2025,0.21
01/06/2025,0.31
02/06/2025,0.58
03/06/2025,0.12
04/06/2025,0.02
05/06/2025,0
06/06/2025,0
07/06/2025,0
08/06/2025,0
09/06/2025,0
10/06/2025,0.24
11/06/2025,0
12/06/2025,0.32
13/06/2025,0
14/06/2025,0
15/06/2025,0
16/06/2025,0
17/06/2025,0
18/06/2025,0.1
19/06/2025,0.07
20/06/2025,0
21/06/2025,0.05
22/06/2025,0.01
23/06/2025,0.01
24/06/2025,0.45
25/06/2025,0
26/06/2025,0.04
27/06/2025,0.92
28/06/2025,0
29/06/2025,2.88
30/06/2025,0
