Date,water_level_feet_NAVD88
08/08/2010,10.38
09/08/2010,10.42
10/08/2010,10.49
11/08/2010,10.53
12/08/2010,10.51
13/08/2010,10.5
14/08/2010,10.48
15/08/2010,10.46
16/08/2010,10.5
17/08/2010,10.48
18/08/2010,10.64
19/08/2010,10.58
20/08/2010,10.72
21/08/2010,10.65
22/08/2010,10.64
23/08/2010,10.7
24/08/2010,10.65
25/08/2010,10.61
26/08/2010,10.6
27/08/2010,10.68
28/08/2010,10.65
29/08/2010,10.62
30/08/2010,10.61
31/08/2010,10.6
01/09/2010,10.57
02/09/2010,10.53
03/09/2010,10.5
04/09/2010,10.47
05/09/2010,10.45
06/09/2010,10.48
07/09/2010,10.47
08/09/2010,10.49
09/09/2010,10.48
10/09/2010,10.54
11/09/2010,10.54
12/09/2010,10.54
13/09/2010,10.53
14/09/2010,10.52
15/09/2010,10.52
16/09/2010,10.52
17/09/2010,10.51
18/09/2010,10.49
19/09/2010,10.47
20/09/2010,10.44
21/09/2010,10.42
22/09/2010,10.39
23/09/2010,10.38
24/09/2010,10.44
25/09/2010,10.45
26/09/2010,10.43
27/09/2010,10.41
28/09/2010,10.41
29/09/2010,10.47
30/09/2010,10.46
01/10/2010,10.45
02/10/2010,10.45
03/10/2010,10.44
04/10/2010,10.41
05/10/2010,10.39
06/10/2010,10.37
07/10/2010,10.33
08/10/2010,10.3
09/10/2010,10.28
10/10/2010,10.25
11/10/2010,10.23
12/10/2010,10.21
13/10/2010,10.18
14/10/2010,10.16
15/10/2010,10.13
16/10/2010,10.1
17/10/2010,10.07
18/10/2010,10.04
19/10/2010,10.01
20/10/2010,9.99
21/10/2010,9.97
22/10/2010,9.94
23/10/2010,9.92
24/10/2010,9.91
25/10/2010,9.9
26/10/2010,9.87
27/10/2010,9.85
28/10/2010,9.83
29/10/2010,9.81
30/10/2010,9.79
31/10/2010,9.77
01/11/2010,9.76
02/11/2010,9.78
03/11/2010,9.77
04/11/2010,9.79
05/11/2010,9.79
06/11/2010,9.77
07/11/2010,9.75
08/11/2010,9.73
09/11/2010,9.71
10/11/2010,9.69
11/11/2010,9.68
12/11/2010,9.66
13/11/2010,9.65
14/11/2010,9.63
15/11/2010,9.62
16/11/2010,9.6
17/11/2010,9.59
18/11/2010,9.58
19/11/2010,9.57
20/11/2010,9.55
21/11/2010,9.54
22/11/2010,9.53
23/11/2010,9.52
24/11/2010,9.51
25/11/2010,9.5
26/11/2010,9.5
27/11/2010,9.49
28/11/2010,9.48
29/11/2010,9.47
30/11/2010,9.46
01/12/2010,9.45
02/12/2010,9.44
03/12/2010,9.43
04/12/2010,9.42
05/12/2010,9.41
06/12/2010,9.4
07/12/2010,9.39
08/12/2010,9.38
09/12/2010,9.37
10/12/2010,9.37
11/12/2010,9.37
12/12/2010,9.36
13/12/2010,9.35
14/12/2010,9.34
15/12/2010,9.33
16/12/2010,9.32
17/12/2010,9.31
18/12/2010,9.31
19/12/2010,9.35
20/12/2010,9.35
21/12/2010,9.34
22/12/2010,9.33
23/12/2010,9.33
24/12/2010,9.32
25/12/2010,9.31
26/12/2010,9.33
27/12/2010,9.32
28/12/2010,9.31
29/12/2010,9.3
30/12/2010,9.3
31/12/2010,9.29
01/01/2011,9.28
02/01/2011,9.28
03/01/2011,9.27
04/01/2011,9.27
05/01/2011,9.27
06/01/2011,9.26
07/01/2011,9.26
08/01/2011,9.25
09/01/2011,9.23
10/01/2011,9.23
11/01/2011,9.22
12/01/2011,9.21
13/01/2011,9.19
14/01/2011,9.18
15/01/2011,9.18
16/01/2011,9.17
17/01/2011,9.16
18/01/2011,9.23
19/01/2011,9.21
20/01/2011,9.2
21/01/2011,9.21
22/01/2011,9.2
23/01/2011,9.18
24/01/2011,9.17
25/01/2011,9.16
26/01/2011,9.28
27/01/2011,9.26
28/01/2011,9.25
29/01/2011,9.24
30/01/2011,9.23
31/01/2011,9.22
01/02/2011,9.21
02/02/2011,9.2
03/02/2011,9.19
04/02/2011,9.18
05/02/2011,9.17
06/02/2011,9.16
07/02/2011,9.15
08/02/2011,9.12
09/02/2011,9.1
10/02/2011,9.1
11/02/2011,9.11
12/02/2011,9.11
13/02/2011,9.09
14/02/2011,9.07
15/02/2011,9.05
16/02/2011,9.03
17/02/2011,9.01
18/02/2011,9
19/02/2011,8.98
20/02/2011,8.95
21/02/2011,8.93
22/02/2011,8.9
23/02/2011,8.88
24/02/2011,8.85
25/02/2011,8.82
26/02/2011,8.78
27/02/2011,8.74
28/02/2011,8.7
01/03/2011,8.65
02/03/2011,8.69
03/03/2011,8.6
04/03/2011,8.6
05/03/2011,8.6
06/03/2011,8.6
07/03/2011,8.6
08/03/2011,8.6
09/03/2011,8.6
10/03/2011,8.6
11/03/2011,8.6
12/03/2011,8.6
13/03/2011,8.6
14/03/2011,8.6
15/03/2011,8.6
16/03/2011,8.6
17/03/2011,8.6
18/03/2011,8.6
19/03/2011,8.6
20/03/2011,8.6
21/03/2011,8.6
22/03/2011,8.6
23/03/2011,8.6
24/03/2011,8.6
25/03/2011,8.6
26/03/2011,8.6
27/03/2011,8.6
28/03/2011,8.76
29/03/2011,8.69
30/03/2011,9.12
31/03/2011,9.07
01/04/2011,9.04
02/04/2011,9.01
03/04/2011,8.98
04/04/2011,8.93
05/04/2011,8.9
06/04/2011,8.87
07/04/2011,8.83
08/04/2011,8.78
09/04/2011,8.72
10/04/2011,8.65
11/04/2011,8.6
12/04/2011,8.6
13/04/2011,8.6
14/04/2011,8.6
15/04/2011,8.59
16/04/2011,8.59
17/04/2011,8.59
18/04/2011,8.59
19/04/2011,8.59
20/04/2011,8.59
21/04/2011,8.59
22/04/2011,8.59
23/04/2011,8.59
24/04/2011,8.59
25/04/2011,8.59
26/04/2011,8.59
27/04/2011,8.59
28/04/2011,8.59
29/04/2011,8.59
30/04/2011,8.59
01/05/2011,8.59
02/05/2011,8.59
03/05/2011,8.59
04/05/2011,8.59
05/05/2011,8.59
06/05/2011,8.59
07/05/2011,8.59
08/05/2011,8.59
09/05/2011,8.59
10/05/2011,8.59
11/05/2011,8.59
12/05/2011,8.59
13/05/2011,8.59
14/05/2011,8.59
15/05/2011,8.59
16/05/2011,8.59
17/05/2011,8.59
18/05/2011,8.59
19/05/2011,8.59
20/05/2011,8.59
21/05/2011,8.59
22/05/2011,8.59
23/05/2011,8.59
24/05/2011,8.59
25/05/2011,8.59
26/05/2011,8.59
27/05/2011,8.59
28/05/2011,8.59
29/05/2011,8.59
30/05/2011,8.59
31/05/2011,8.59
01/06/2011,8.59
02/06/2011,8.59
03/06/2011,8.59
04/06/2011,8.59
05/06/2011,8.59
06/06/2011,8.59
07/06/2011,8.59
08/06/2011,8.59
09/06/2011,8.59
10/06/2011,8.59
11/06/2011,8.59
12/06/2011,8.59
13/06/2011,8.59
14/06/2011,8.59
15/06/2011,8.59
16/06/2011,8.59
17/06/2011,8.59
18/06/2011,8.59
19/06/2011,8.59
20/06/2011,8.59
21/06/2011,8.59
22/06/2011,8.59
23/06/2011,8.59
24/06/2011,8.59
25/06/2011,8.59
26/06/2011,8.59
27/06/2011,8.59
28/06/2011,8.59
29/06/2011,8.59
30/06/2011,8.59
01/07/2011,8.59
02/07/2011,8.59
03/07/2011,8.59
04/07/2011,8.59
05/07/2011,8.59
06/07/2011,8.59
07/07/2011,8.6
08/07/2011,8.6
09/07/2011,8.86
10/07/2011,8.73
11/07/2011,8.68
12/07/2011,9.29
13/07/2011,9.45
14/07/2011,9.52
15/07/2011,9.67
16/07/2011,9.73
17/07/2011,9.8
18/07/2011,9.84
19/07/2011,9.86
20/07/2011,9.88
21/07/2011,9.88
22/07/2011,9.87
23/07/2011,9.86
24/07/2011,9.82
25/07/2011,9.78
26/07/2011,9.74
27/07/2011,9.7
28/07/2011,9.66
29/07/2011,9.63
30/07/2011,9.59
31/07/2011,9.55
01/08/2011,9.52
02/08/2011,9.69
03/08/2011,9.68
04/08/2011,9.75
05/08/2011,9.72
06/08/2011,9.66
07/08/2011,9.62
08/08/2011,9.73
09/08/2011,9.72
10/08/2011,9.75
11/08/2011,9.73
12/08/2011,9.72
13/08/2011,9.71
14/08/2011,9.82
15/08/2011,9.82
16/08/2011,9.81
17/08/2011,9.87
18/08/2011,9.84
19/08/2011,9.84
20/08/2011,9.86
21/08/2011,9.87
22/08/2011,9.88
23/08/2011,9.87
24/08/2011,9.9
25/08/2011,9.91
26/08/2011,9.94
27/08/2011,9.95
28/08/2011,9.93
29/08/2011,9.9
30/08/2011,9.89
31/08/2011,9.9
01/09/2011,10.03
02/09/2011,10.12
03/09/2011,10.09
04/09/2011,10.07
05/09/2011,10.06
06/09/2011,10.05
07/09/2011,10.05
08/09/2011,10.06
09/09/2011,10.04
10/09/2011,10.04
11/09/2011,10.02
12/09/2011,10.02
13/09/2011,10
14/09/2011,10.01
15/09/2011,9.98
16/09/2011,9.95
17/09/2011,9.92
18/09/2011,9.91
19/09/2011,9.89
20/09/2011,9.88
21/09/2011,9.87
22/09/2011,9.87
23/09/2011,9.86
24/09/2011,9.85
25/09/2011,9.85
26/09/2011,9.87
27/09/2011,9.88
28/09/2011,9.91
29/09/2011,9.93
30/09/2011,9.95
01/10/2011,10.02
02/10/2011,10.02
03/10/2011,10.02
04/10/2011,10.01
05/10/2011,9.97
06/10/2011,9.94
07/10/2011,9.91
08/10/2011,9.95
09/10/2011,10.14
10/10/2011,10.14
11/10/2011,10.12
12/10/2011,10.08
13/10/2011,10.05
14/10/2011,10.01
15/10/2011,9.97
16/10/2011,9.94
17/10/2011,9.94
18/10/2011,10.04
19/10/2011,10.13
20/10/2011,10.13
21/10/2011,10.14
22/10/2011,10.16
23/10/2011,10.18
24/10/2011,10.18
25/10/2011,10.18
26/10/2011,10.16
27/10/2011,10.12
28/10/2011,10.1
29/10/2011,10.44
30/10/2011,10.41
31/10/2011,10.46
01/11/2011,10.54
02/11/2011,10.54
03/11/2011,10.54
04/11/2011,10.54
05/11/2011,10.53
06/11/2011,10.53
07/11/2011,10.52
08/11/2011,10.49
09/11/2011,10.45
10/11/2011,10.42
11/11/2011,10.39
12/11/2011,10.35
13/11/2011,10.33
14/11/2011,10.3
15/11/2011,10.28
16/11/2011,10.25
17/11/2011,10.21
18/11/2011,10.21
19/11/2011,10.19
20/11/2011,10.16
21/11/2011,10.13
22/11/2011,10.11
23/11/2011,10.08
24/11/2011,10.06
25/11/2011,10.03
26/11/2011,10.01
27/11/2011,9.98
28/11/2011,9.96
29/11/2011,9.96
30/11/2011,9.94
01/12/2011,9.92
02/12/2011,9.9
03/12/2011,9.88
04/12/2011,9.87
05/12/2011,9.85
06/12/2011,9.83
07/12/2011,9.81
08/12/2011,9.79
09/12/2011,9.78
10/12/2011,9.77
11/12/2011,9.76
12/12/2011,9.76
13/12/2011,9.76
14/12/2011,9.75
15/12/2011,9.73
16/12/2011,9.72
17/12/2011,9.7
18/12/2011,9.69
19/12/2011,9.67
20/12/2011,9.65
21/12/2011,9.63
22/12/2011,9.62
23/12/2011,9.6
24/12/2011,9.59
25/12/2011,9.58
26/12/2011,9.57
27/12/2011,9.56
28/12/2011,9.54
29/12/2011,9.52
30/12/2011,9.5
31/12/2011,9.49
01/01/2012,9.48
02/01/2012,9.47
03/01/2012,9.45
04/01/2012,9.44
05/01/2012,9.43
06/01/2012,9.42
07/01/2012,9.41
08/01/2012,9.4
09/01/2012,9.39
10/01/2012,9.38
11/01/2012,9.37
12/01/2012,9.37
13/01/2012,9.36
14/01/2012,9.35
15/01/2012,9.34
16/01/2012,9.33
17/01/2012,9.31
18/01/2012,9.3
19/01/2012,9.3
20/01/2012,9.29
21/01/2012,9.28
22/01/2012,9.27
23/01/2012,9.26
24/01/2012,9.25
25/01/2012,9.25
26/01/2012,9.24
27/01/2012,9.23
28/01/2012,9.23
29/01/2012,9.22
30/01/2012,9.21
31/01/2012,9.2
01/02/2012,9.19
02/02/2012,9.18
03/02/2012,9.18
04/02/2012,9.17
05/02/2012,9.17
06/02/2012,9.2
07/02/2012,9.26
08/02/2012,9.26
09/02/2012,9.25
10/02/2012,9.25
11/02/2012,9.28
12/02/2012,9.27
13/02/2012,9.26
14/02/2012,9.25
15/02/2012,9.23
16/02/2012,9.22
17/02/2012,9.22
18/02/2012,9.2
19/02/2012,9.19
20/02/2012,9.18
21/02/2012,9.17
22/02/2012,9.16
23/02/2012,9.14
24/02/2012,9.13
25/02/2012,9.11
26/02/2012,9.11
27/02/2012,9.1
28/02/2012,9.08
29/02/2012,9.06
01/03/2012,9.05
02/03/2012,9.03
03/03/2012,9.01
04/03/2012,9
05/03/2012,8.98
06/03/2012,8.95
07/03/2012,8.93
08/03/2012,9.03
09/03/2012,9.04
10/03/2012,9.04
11/03/2012,9.17
12/03/2012,9.17
13/03/2012,9.17
14/03/2012,9.16
15/03/2012,9.15
16/03/2012,9.14
17/03/2012,9.13
18/03/2012,9.11
19/03/2012,9.09
20/03/2012,9.07
21/03/2012,9.05
22/03/2012,9.03
23/03/2012,9
24/03/2012,8.98
25/03/2012,8.96
26/03/2012,8.92
27/03/2012,8.88
28/03/2012,8.84
29/03/2012,8.8
30/03/2012,8.77
31/03/2012,8.72
01/04/2012,8.67
02/04/2012,8.62
03/04/2012,8.55
04/04/2012,8.48
05/04/2012,8.42
06/04/2012,8.51
07/04/2012,8.59
08/04/2012,8.52
09/04/2012,8.47
10/04/2012,8.42
11/04/2012,8.38
12/04/2012,8.35
13/04/2012,8.35
14/04/2012,8.6
15/04/2012,8.6
16/04/2012,8.58
17/04/2012,8.57
18/04/2012,8.55
19/04/2012,8.54
20/04/2012,8.57
21/04/2012,8.98
22/04/2012,9.03
23/04/2012,8.98
24/04/2012,8.93
25/04/2012,8.88
26/04/2012,8.84
27/04/2012,8.79
28/04/2012,8.77
29/04/2012,9.06
30/04/2012,9.06
01/05/2012,9.05
02/05/2012,9.03
03/05/2012,9.01
04/05/2012,8.98
05/05/2012,8.95
06/05/2012,8.91
07/05/2012,8.87
08/05/2012,8.93
09/05/2012,9.1
10/05/2012,9.09
11/05/2012,9.08
12/05/2012,9.07
13/05/2012,9.06
14/05/2012,9.06
15/05/2012,9.06
16/05/2012,9.06
17/05/2012,9.07
18/05/2012,9.07
19/05/2012,9.08
20/05/2012,9.14
21/05/2012,9.15
22/05/2012,9.16
23/05/2012,9.36
24/05/2012,9.4
25/05/2012,9.44
26/05/2012,9.44
27/05/2012,9.43
28/05/2012,9.43
29/05/2012,9.5
30/05/2012,9.47
31/05/2012,9.43
01/06/2012,9.45
02/06/2012,9.47
03/06/2012,9.44
04/06/2012,9.41
05/06/2012,9.38
06/06/2012,9.37
07/06/2012,9.36
08/06/2012,9.34
09/06/2012,9.32
10/06/2012,9.31
11/06/2012,9.29
12/06/2012,9.27
13/06/2012,9.24
14/06/2012,9.24
15/06/2012,9.23
16/06/2012,9.21
17/06/2012,9.2
18/06/2012,9.17
19/06/2012,9.15
20/06/2012,9.26
21/06/2012,9.26
22/06/2012,9.25
23/06/2012,9.41
24/06/2012,9.45
25/06/2012,9.45
26/06/2012,9.43
27/06/2012,9.41
28/06/2012,9.39
29/06/2012,9.37
30/06/2012,9.35
01/07/2012,9.33
02/07/2012,9.31
03/07/2012,9.29
04/07/2012,9.29
05/07/2012,9.3
06/07/2012,9.3
07/07/2012,9.33
08/07/2012,9.33
09/07/2012,9.33
10/07/2012,9.33
11/07/2012,9.37
12/07/2012,9.36
13/07/2012,9.35
14/07/2012,9.34
15/07/2012,9.34
16/07/2012,9.34
17/07/2012,9.47
18/07/2012,9.46
19/07/2012,9.44
20/07/2012,9.41
21/07/2012,9.38
22/07/2012,9.37
23/07/2012,9.46
24/07/2012,9.6
25/07/2012,9.57
26/07/2012,9.52
27/07/2012,9.49
28/07/2012,9.46
29/07/2012,9.43
30/07/2012,9.41
31/07/2012,9.41
01/08/2012,9.39
02/08/2012,9.37
03/08/2012,9.36
04/08/2012,9.35
05/08/2012,9.46
06/08/2012,9.44
07/08/2012,9.42
08/08/2012,9.39
09/08/2012,9.36
10/08/2012,9.34
11/08/2012,9.35
12/08/2012,9.43
13/08/2012,9.44
14/08/2012,9.46
15/08/2012,9.51
16/08/2012,9.48
17/08/2012,9.47
18/08/2012,9.44
19/08/2012,9.43
20/08/2012,9.41
21/08/2012,9.4
22/08/2012,9.47
23/08/2012,9.44
24/08/2012,9.41
25/08/2012,9.41
26/08/2012,9.51
27/08/2012,9.8
28/08/2012,9.8
29/08/2012,9.85
30/08/2012,9.93
31/08/2012,9.96
01/09/2012,9.98
02/09/2012,10
03/09/2012,10.03
04/09/2012,10.1
05/09/2012,10.19
06/09/2012,10.17
07/09/2012,10.14
08/09/2012,10.11
09/09/2012,10.08
10/09/2012,10.06
11/09/2012,10.07
12/09/2012,10.07
13/09/2012,10.08
14/09/2012,10.08
15/09/2012,10.06
16/09/2012,10.06
17/09/2012,10.06
18/09/2012,10.14
19/09/2012,10.13
20/09/2012,10.13
21/09/2012,10.14
22/09/2012,10.15
23/09/2012,10.27
24/09/2012,10.27
25/09/2012,10.26
26/09/2012,10.26
27/09/2012,10.27
28/09/2012,10.26
29/09/2012,10.27
30/09/2012,10.26
01/10/2012,10.26
02/10/2012,10.37
03/10/2012,10.4
04/10/2012,10.41
05/10/2012,10.47
06/10/2012,10.47
07/10/2012,10.51
08/10/2012,10.55
09/10/2012,10.55
10/10/2012,10.55
11/10/2012,10.54
12/10/2012,10.52
13/10/2012,10.5
14/10/2012,10.49
15/10/2012,10.48
16/10/2012,10.47
17/10/2012,10.45
18/10/2012,10.48
19/10/2012,10.47
20/10/2012,10.45
21/10/2012,10.44
22/10/2012,10.42
23/10/2012,10.4
24/10/2012,10.39
25/10/2012,10.39
26/10/2012,10.38
27/10/2012,10.35
28/10/2012,10.32
29/10/2012,10.28
30/10/2012,10.24
31/10/2012,10.21
01/11/2012,10.18
02/11/2012,10.16
03/11/2012,10.13
04/11/2012,10.1
05/11/2012,10.08
06/11/2012,10.06
07/11/2012,10.03
08/11/2012,10.01
09/11/2012,9.98
10/11/2012,9.96
11/11/2012,9.93
12/11/2012,9.92
13/11/2012,9.9
14/11/2012,9.88
15/11/2012,9.86
16/11/2012,9.84
17/11/2012,9.82
18/11/2012,9.8
19/11/2012,9.78
20/11/2012,9.76
21/11/2012,9.75
22/11/2012,9.74
23/11/2012,9.74
24/11/2012,9.72
25/11/2012,9.7
26/11/2012,9.69
27/11/2012,9.69
28/11/2012,9.69
29/11/2012,9.68
30/11/2012,9.67
01/12/2012,9.67
02/12/2012,9.67
03/12/2012,9.67
04/12/2012,9.67
05/12/2012,9.67
06/12/2012,9.67
07/12/2012,9.68
08/12/2012,9.68
09/12/2012,9.69
10/12/2012,9.68
11/12/2012,9.7
12/12/2012,9.75
13/12/2012,9.75
14/12/2012,9.75
15/12/2012,9.77
16/12/2012,9.81
17/12/2012,9.84
18/12/2012,9.87
19/12/2012,9.86
20/12/2012,9.84
21/12/2012,9.82
22/12/2012,9.79
23/12/2012,9.75
24/12/2012,9.73
25/12/2012,9.7
26/12/2012,9.68
27/12/2012,9.65
28/12/2012,9.63
29/12/2012,9.61
30/12/2012,9.59
31/12/2012,9.56
01/01/2013,9.55
02/01/2013,9.53
03/01/2013,9.51
04/01/2013,9.5
05/01/2013,9.48
06/01/2013,9.46
07/01/2013,9.45
08/01/2013,9.44
09/01/2013,9.43
10/01/2013,9.41
11/01/2013,9.4
12/01/2013,9.39
13/01/2013,9.37
14/01/2013,9.36
15/01/2013,9.35
16/01/2013,9.34
17/01/2013,9.34
18/01/2013,9.33
19/01/2013,9.32
20/01/2013,9.32
21/01/2013,9.31
22/01/2013,9.31
23/01/2013,9.29
24/01/2013,9.28
25/01/2013,9.27
26/01/2013,9.26
27/01/2013,9.25
28/01/2013,9.24
29/01/2013,9.23
30/01/2013,9.23
31/01/2013,9.22
01/02/2013,9.22
02/02/2013,9.2
03/02/2013,9.2
04/02/2013,9.18
05/02/2013,9.17
06/02/2013,9.16
07/02/2013,9.16
08/02/2013,9.15
09/02/2013,9.14
10/02/2013,9.13
11/02/2013,9.12
12/02/2013,9.11
13/02/2013,9.1
14/02/2013,9.16
15/02/2013,9.24
16/02/2013,9.25
17/02/2013,9.24
18/02/2013,9.24
19/02/2013,9.26
20/02/2013,9.31
21/02/2013,9.4
22/02/2013,9.45
23/02/2013,9.47
24/02/2013,9.52
25/02/2013,9.52
26/02/2013,9.51
27/02/2013,9.51
28/02/2013,9.53
01/03/2013,9.52
02/03/2013,9.5
03/03/2013,9.49
04/03/2013,9.47
05/03/2013,9.46
06/03/2013,9.46
07/03/2013,9.47
08/03/2013,9.46
09/03/2013,9.44
10/03/2013,9.43
11/03/2013,9.42
12/03/2013,9.42
13/03/2013,9.41
14/03/2013,9.4
15/03/2013,9.38
16/03/2013,9.38
17/03/2013,9.37
18/03/2013,9.36
19/03/2013,9.39
20/03/2013,9.38
21/03/2013,9.38
22/03/2013,9.37
23/03/2013,9.39
24/03/2013,9.38
25/03/2013,9.38
26/03/2013,9.38
27/03/2013,9.39
28/03/2013,9.4
29/03/2013,9.41
30/03/2013,9.41
31/03/2013,9.4
01/04/2013,9.4
02/04/2013,9.41
03/04/2013,9.4
04/04/2013,9.4
05/04/2013,9.45
06/04/2013,9.48
07/04/2013,9.47
08/04/2013,9.46
09/04/2013,9.46
10/04/2013,9.46
11/04/2013,9.46
12/04/2013,9.46
13/04/2013,9.45
14/04/2013,9.49
15/04/2013,9.48
16/04/2013,9.59
17/04/2013,9.58
18/04/2013,9.55
19/04/2013,9.53
20/04/2013,9.52
21/04/2013,9.58
22/04/2013,9.9
23/04/2013,10
24/04/2013,9.97
25/04/2013,9.95
26/04/2013,9.92
27/04/2013,9.89
28/04/2013,9.85
29/04/2013,9.82
30/04/2013,9.8
01/05/2013,9.79
02/05/2013,9.86
03/05/2013,9.9
04/05/2013,9.88
05/05/2013,9.86
06/05/2013,9.85
07/05/2013,9.85
08/05/2013,9.84
09/05/2013,9.83
10/05/2013,9.82
11/05/2013,9.82
12/05/2013,9.88
13/05/2013,9.86
14/05/2013,9.82
15/05/2013,9.79
16/05/2013,9.77
17/05/2013,9.74
18/05/2013,9.72
19/05/2013,9.7
20/05/2013,9.68
21/05/2013,9.68
22/05/2013,9.67
23/05/2013,9.68
24/05/2013,9.67
25/05/2013,9.66
26/05/2013,9.65
27/05/2013,9.64
28/05/2013,9.63
29/05/2013,9.62
30/05/2013,9.62
31/05/2013,9.61
01/06/2013,9.6
02/06/2013,9.77
03/06/2013,9.84
04/06/2013,9.81
05/06/2013,9.79
06/06/2013,10.05
07/06/2013,10.08
08/06/2013,10.09
09/06/2013,10.24
10/06/2013,10.24
11/06/2013,10.26
12/06/2013,10.29
13/06/2013,10.32
14/06/2013,10.34
15/06/2013,10.35
16/06/2013,10.35
17/06/2013,10.35
18/06/2013,10.34
19/06/2013,10.38
20/06/2013,10.33
21/06/2013,10.31
22/06/2013,10.27
23/06/2013,10.23
24/06/2013,10.22
25/06/2013,10.2
26/06/2013,10.17
27/06/2013,10.14
28/06/2013,10.12
29/06/2013,10.12
30/06/2013,10.1
01/07/2013,10.12
02/07/2013,10.12
03/07/2013,10.12
04/07/2013,10.18
05/07/2013,10.23
06/07/2013,10.23
07/07/2013,10.23
08/07/2013,10.25
09/07/2013,10.31
10/07/2013,10.35
11/07/2013,10.35
12/07/2013,10.36
13/07/2013,10.37
14/07/2013,10.52
15/07/2013,10.59
16/07/2013,10.59
17/07/2013,10.63
18/07/2013,10.65
19/07/2013,10.74
20/07/2013,10.74
21/07/2013,10.79
22/07/2013,10.85
23/07/2013,10.84
24/07/2013,10.82
25/07/2013,10.8
26/07/2013,10.78
27/07/2013,10.79
28/07/2013,10.77
29/07/2013,10.75
30/07/2013,10.74
31/07/2013,10.74
01/08/2013,10.72
02/08/2013,10.7
03/08/2013,10.69
04/08/2013,10.7
05/08/2013,10.72
06/08/2013,10.78
07/08/2013,10.77
08/08/2013,10.75
09/08/2013,10.72
10/08/2013,10.71
11/08/2013,10.69
12/08/2013,10.68
13/08/2013,10.65
14/08/2013,10.62
15/08/2013,10.59
16/08/2013,10.58
17/08/2013,10.54
18/08/2013,10.5
19/08/2013,10.47
20/08/2013,10.44
21/08/2013,10.41
22/08/2013,10.4
23/08/2013,10.37
24/08/2013,10.37
25/08/2013,10.36
26/08/2013,10.34
27/08/2013,10.33
28/08/2013,10.34
29/08/2013,10.35
30/08/2013,10.35
31/08/2013,10.34
01/09/2013,10.33
02/09/2013,10.32
03/09/2013,10.31
04/09/2013,10.31
05/09/2013,10.32
06/09/2013,10.33
07/09/2013,10.31
08/09/2013,10.3
09/09/2013,10.42
10/09/2013,10.42
11/09/2013,10.39
12/09/2013,10.38
13/09/2013,10.36
14/09/2013,10.36
15/09/2013,10.36
16/09/2013,10.35
17/09/2013,10.34
18/09/2013,10.36
19/09/2013,10.5
20/09/2013,10.49
21/09/2013,10.46
22/09/2013,10.42
23/09/2013,10.41
24/09/2013,10.48
25/09/2013,10.47
26/09/2013,10.47
27/09/2013,10.48
28/09/2013,10.47
29/09/2013,10.45
30/09/2013,10.43
01/10/2013,10.41
02/10/2013,10.38
03/10/2013,10.36
04/10/2013,10.35
05/10/2013,10.32
06/10/2013,10.29
07/10/2013,10.28
08/10/2013,10.3
09/10/2013,10.27
10/10/2013,10.25
11/10/2013,10.22
12/10/2013,10.19
13/10/2013,10.16
14/10/2013,10.13
15/10/2013,10.11
16/10/2013,10.08
17/10/2013,10.06
18/10/2013,10.04
19/10/2013,10.02
20/10/2013,10
21/10/2013,9.98
22/10/2013,9.98
23/10/2013,9.96
24/10/2013,9.94
25/10/2013,9.92
26/10/2013,9.91
27/10/2013,9.88
28/10/2013,9.87
29/10/2013,9.85
30/10/2013,9.83
31/10/2013,9.81
01/11/2013,9.79
02/11/2013,9.78
03/11/2013,9.76
04/11/2013,9.73
05/11/2013,9.72
06/11/2013,9.7
07/11/2013,9.68
08/11/2013,9.66
09/11/2013,9.67
10/11/2013,9.66
11/11/2013,9.64
12/11/2013,9.62
13/11/2013,9.61
14/11/2013,9.59
15/11/2013,9.58
16/11/2013,9.56
17/11/2013,9.55
18/11/2013,9.54
19/11/2013,9.53
20/11/2013,9.52
21/11/2013,9.55
22/11/2013,9.54
23/11/2013,9.53
24/11/2013,9.56
25/11/2013,9.54
26/11/2013,9.53
27/11/2013,9.62
28/11/2013,9.61
29/11/2013,9.59
30/11/2013,9.58
01/12/2013,9.58
02/12/2013,9.57
03/12/2013,9.56
04/12/2013,9.54
05/12/2013,9.53
06/12/2013,9.52
07/12/2013,9.51
08/12/2013,9.5
09/12/2013,9.49
10/12/2013,9.47
11/12/2013,9.46
12/12/2013,9.46
13/12/2013,9.45
14/12/2013,9.44
15/12/2013,9.44
16/12/2013,9.43
17/12/2013,9.42
18/12/2013,9.42
19/12/2013,9.41
20/12/2013,9.4
21/12/2013,9.4
22/12/2013,9.4
23/12/2013,9.39
24/12/2013,9.39
25/12/2013,9.39
26/12/2013,9.39
27/12/2013,9.39
28/12/2013,9.38
29/12/2013,9.38
30/12/2013,9.38
31/12/2013,9.38
01/01/2014,9.38
02/01/2014,9.38
03/01/2014,9.37
04/01/2014,9.37
05/01/2014,9.38
06/01/2014,9.39
07/01/2014,9.38
08/01/2014,9.38
09/01/2014,9.39
10/01/2014,9.4
11/01/2014,9.4
12/01/2014,9.4
13/01/2014,9.39
14/01/2014,9.39
15/01/2014,9.4
16/01/2014,9.4
17/01/2014,9.39
18/01/2014,9.39
19/01/2014,9.38
20/01/2014,9.38
21/01/2014,9.37
22/01/2014,9.37
23/01/2014,9.37
24/01/2014,9.36
25/01/2014,9.36
26/01/2014,9.36
27/01/2014,9.35
28/01/2014,9.35
29/01/2014,9.34
30/01/2014,9.49
31/01/2014,9.63
01/02/2014,9.61
02/02/2014,9.58
03/02/2014,9.57
04/02/2014,9.63
05/02/2014,9.62
06/02/2014,9.69
07/02/2014,9.74
08/02/2014,9.79
09/02/2014,9.83
10/02/2014,9.85
11/02/2014,9.87
12/02/2014,9.85
13/02/2014,9.84
14/02/2014,9.8
15/02/2014,9.77
16/02/2014,9.73
17/02/2014,9.7
18/02/2014,9.67
19/02/2014,9.65
20/02/2014,9.62
21/02/2014,9.61
22/02/2014,9.59
23/02/2014,9.57
24/02/2014,9.57
25/02/2014,9.55
26/02/2014,9.54
27/02/2014,9.52
28/02/2014,9.52
01/03/2014,9.51
02/03/2014,9.5
03/03/2014,9.49
04/03/2014,9.48
05/03/2014,9.47
06/03/2014,9.48
07/03/2014,9.53
08/03/2014,9.51
09/03/2014,9.49
10/03/2014,9.48
11/03/2014,9.47
12/03/2014,9.46
13/03/2014,9.45
14/03/2014,9.43
15/03/2014,9.42
16/03/2014,9.41
17/03/2014,9.4
18/03/2014,9.4
19/03/2014,9.4
20/03/2014,9.39
21/03/2014,9.38
22/03/2014,9.37
23/03/2014,9.36
24/03/2014,9.35
25/03/2014,9.38
26/03/2014,9.37
27/03/2014,9.36
28/03/2014,9.35
29/03/2014,9.35
30/03/2014,9.35
31/03/2014,9.33
01/04/2014,9.33
02/04/2014,9.31
03/04/2014,9.29
04/04/2014,9.28
05/04/2014,9.27
06/04/2014,9.25
07/04/2014,9.24
08/04/2014,9.22
09/04/2014,9.21
10/04/2014,9.19
11/04/2014,9.17
12/04/2014,9.15
13/04/2014,9.13
14/04/2014,9.11
15/04/2014,9.09
16/04/2014,9.07
17/04/2014,9.06
18/04/2014,9.28
19/04/2014,9.29
20/04/2014,9.28
21/04/2014,9.27
22/04/2014,9.26
23/04/2014,9.24
24/04/2014,9.22
25/04/2014,9.2
26/04/2014,9.17
27/04/2014,9.15
28/04/2014,9.12
29/04/2014,9.08
30/04/2014,9.05
01/05/2014,9.04
02/05/2014,9.24
03/05/2014,9.21
04/05/2014,9.24
05/05/2014,9.21
06/05/2014,9.19
07/05/2014,9.16
08/05/2014,9.13
09/05/2014,9.09
10/05/2014,9.05
11/05/2014,9.02
12/05/2014,8.99
13/05/2014,9.02
14/05/2014,8.98
15/05/2014,8.99
16/05/2014,9.15
17/05/2014,9.11
18/05/2014,9.06
19/05/2014,9.01
20/05/2014,8.96
21/05/2014,8.91
22/05/2014,8.85
23/05/2014,8.81
24/05/2014,8.78
25/05/2014,8.75
26/05/2014,8.7
27/05/2014,8.67
28/05/2014,8.67
29/05/2014,8.91
30/05/2014,8.88
31/05/2014,8.82
01/06/2014,8.82
02/06/2014,8.87
03/06/2014,8.83
04/06/2014,8.79
05/06/2014,8.73
06/06/2014,8.68
07/06/2014,8.63
08/06/2014,8.63
09/06/2014,8.69
10/06/2014,9.09
11/06/2014,9.04
12/06/2014,9.24
13/06/2014,9.23
14/06/2014,9.21
15/06/2014,9.21
16/06/2014,9.33
17/06/2014,9.3
18/06/2014,9.28
19/06/2014,9.28
20/06/2014,9.27
21/06/2014,9.27
22/06/2014,9.31
23/06/2014,9.29
24/06/2014,9.27
25/06/2014,9.25
26/06/2014,9.24
27/06/2014,9.23
28/06/2014,9.32
29/06/2014,9.31
30/06/2014,9.37
01/07/2014,9.36
02/07/2014,9.45
03/07/2014,9.49
04/07/2014,9.49
05/07/2014,9.57
06/07/2014,9.57
07/07/2014,9.57
08/07/2014,9.57
09/07/2014,9.72
10/07/2014,9.78
11/07/2014,9.82
12/07/2014,9.8
13/07/2014,9.86
14/07/2014,9.86
15/07/2014,9.87
16/07/2014,9.86
17/07/2014,9.92
18/07/2014,9.98
19/07/2014,10.04
20/07/2014,10.09
21/07/2014,10.12
22/07/2014,10.14
23/07/2014,10.16
24/07/2014,10.16
25/07/2014,10.19
26/07/2014,10.19
27/07/2014,10.19
28/07/2014,10.13
29/07/2014,10.08
30/07/2014,10.04
31/07/2014,10.01
01/08/2014,10.01
02/08/2014,10.08
03/08/2014,10.07
04/08/2014,10.19
05/08/2014,10.29
06/08/2014,10.29
07/08/2014,10.28
08/08/2014,10.35
09/08/2014,10.37
10/08/2014,10.38
11/08/2014,10.38
12/08/2014,10.36
13/08/2014,10.32
14/08/2014,10.3
15/08/2014,10.28
16/08/2014,10.28
17/08/2014,10.27
18/08/2014,10.26
19/08/2014,10.24
20/08/2014,10.22
21/08/2014,10.2
22/08/2014,10.19
23/08/2014,10.18
24/08/2014,10.16
25/08/2014,10.15
26/08/2014,10.14
27/08/2014,10.1
28/08/2014,10.08
29/08/2014,10.2
30/08/2014,10.18
31/08/2014,10.15
01/09/2014,10.12
02/09/2014,10.12
03/09/2014,10.11
04/09/2014,10.09
05/09/2014,10.07
06/09/2014,10.19
07/09/2014,10.16
08/09/2014,10.24
09/09/2014,10.22
10/09/2014,10.22
11/09/2014,10.2
12/09/2014,10.46
13/09/2014,10.46
14/09/2014,10.47
15/09/2014,10.46
16/09/2014,10.45
17/09/2014,10.47
18/09/2014,10.49
19/09/2014,10.5
20/09/2014,10.5
21/09/2014,10.5
22/09/2014,10.53
23/09/2014,10.57
24/09/2014,10.56
25/09/2014,10.56
26/09/2014,10.57
27/09/2014,10.57
28/09/2014,10.57
29/09/2014,10.57
30/09/2014,10.57
01/10/2014,10.6
02/10/2014,10.6
03/10/2014,10.6
04/10/2014,10.6
05/10/2014,10.6
06/10/2014,10.59
07/10/2014,10.57
08/10/2014,10.56
09/10/2014,10.55
10/10/2014,10.53
11/10/2014,10.51
12/10/2014,10.47
13/10/2014,10.43
14/10/2014,10.4
15/10/2014,10.37
16/10/2014,10.33
17/10/2014,10.27
18/10/2014,10.23
19/10/2014,10.19
20/10/2014,10.15
21/10/2014,10.12
22/10/2014,10.11
23/10/2014,10.09
24/10/2014,10.08
25/10/2014,10.05
26/10/2014,10.03
27/10/2014,10
28/10/2014,9.99
29/10/2014,9.98
30/10/2014,9.97
31/10/2014,9.98
01/11/2014,9.98
02/11/2014,9.97
03/11/2014,9.95
04/11/2014,9.93
05/11/2014,9.91
06/11/2014,9.89
07/11/2014,9.87
08/11/2014,9.85
09/11/2014,9.92
10/11/2014,10
11/11/2014,9.98
12/11/2014,9.95
13/11/2014,9.94
14/11/2014,9.93
15/11/2014,9.93
16/11/2014,9.93
17/11/2014,9.92
18/11/2014,9.91
19/11/2014,9.92
20/11/2014,9.91
21/11/2014,9.9
22/11/2014,9.89
23/11/2014,9.88
24/11/2014,9.87
25/11/2014,9.85
26/11/2014,9.85
27/11/2014,9.84
28/11/2014,9.81
29/11/2014,9.79
30/11/2014,9.77
01/12/2014,9.76
02/12/2014,9.75
03/12/2014,9.77
04/12/2014,9.75
05/12/2014,9.75
06/12/2014,9.74
07/12/2014,9.72
08/12/2014,9.71
09/12/2014,9.69
10/12/2014,9.68
11/12/2014,9.66
12/12/2014,9.64
13/12/2014,9.63
14/12/2014,9.61
15/12/2014,9.6
16/12/2014,9.59
17/12/2014,9.58
18/12/2014,9.57
19/12/2014,9.56
20/12/2014,9.55
21/12/2014,9.54
22/12/2014,9.54
23/12/2014,9.53
24/12/2014,9.53
25/12/2014,9.54
26/12/2014,9.54
27/12/2014,9.55
28/12/2014,9.55
29/12/2014,9.56
30/12/2014,9.56
31/12/2014,9.56
01/01/2015,9.56
02/01/2015,9.57
03/01/2015,9.57
04/01/2015,9.57
05/01/2015,9.57
06/01/2015,9.56
07/01/2015,9.56
08/01/2015,9.55
09/01/2015,9.54
10/01/2015,9.54
11/01/2015,9.53
12/01/2015,9.62
13/01/2015,9.65
14/01/2015,9.65
15/01/2015,9.64
16/01/2015,9.63
17/01/2015,9.62
18/01/2015,9.61
19/01/2015,9.6
20/01/2015,9.6
21/01/2015,9.6
22/01/2015,9.6
23/01/2015,9.59
24/01/2015,9.59
25/01/2015,9.59
26/01/2015,9.58
27/01/2015,9.58
28/01/2015,9.58
29/01/2015,9.57
30/01/2015,9.57
31/01/2015,9.57
01/02/2015,9.58
02/02/2015,9.59
03/02/2015,9.59
04/02/2015,9.59
05/02/2015,9.73
06/02/2015,9.73
07/02/2015,9.73
08/02/2015,9.73
09/02/2015,9.74
10/02/2015,9.8
11/02/2015,9.82
12/02/2015,9.84
13/02/2015,9.86
14/02/2015,9.88
15/02/2015,9.89
16/02/2015,9.9
17/02/2015,9.91
18/02/2015,9.91
19/02/2015,9.91
20/02/2015,9.89
21/02/2015,9.88
22/02/2015,9.87
23/02/2015,9.87
24/02/2015,9.85
25/02/2015,9.84
26/02/2015,9.84
27/02/2015,9.84
28/02/2015,9.85
01/03/2015,9.86
02/03/2015,9.87
03/03/2015,9.88
04/03/2015,9.88
05/03/2015,9.89
06/03/2015,9.89
07/03/2015,10.02
08/03/2015,10
09/03/2015,9.98
10/03/2015,9.96
11/03/2015,9.94
12/03/2015,9.91
13/03/2015,9.88
14/03/2015,9.87
15/03/2015,9.85
16/03/2015,9.84
17/03/2015,9.83
18/03/2015,9.83
19/03/2015,9.83
20/03/2015,9.82
21/03/2015,9.81
22/03/2015,9.8
23/03/2015,9.78
24/03/2015,9.78
25/03/2015,9.78
26/03/2015,9.76
27/03/2015,9.76
28/03/2015,9.78
29/03/2015,9.76
30/03/2015,9.74
31/03/2015,9.72
01/04/2015,9.7
02/04/2015,9.67
03/04/2015,9.65
04/04/2015,9.63
05/04/2015,9.61
06/04/2015,9.58
07/04/2015,9.57
08/04/2015,9.55
09/04/2015,9.52
10/04/2015,9.51
11/04/2015,9.49
12/04/2015,9.47
13/04/2015,9.46
14/04/2015,9.44
15/04/2015,9.42
16/04/2015,9.41
17/04/2015,9.39
18/04/2015,9.38
19/04/2015,9.37
20/04/2015,9.35
21/04/2015,9.41
22/04/2015,9.4
23/04/2015,9.39
24/04/2015,9.44
25/04/2015,9.43
26/04/2015,9.42
27/04/2015,9.4
28/04/2015,9.39
29/04/2015,9.51
30/04/2015,9.51
01/05/2015,9.5
02/05/2015,9.48
03/05/2015,9.46
04/05/2015,9.45
05/05/2015,9.44
06/05/2015,9.44
07/05/2015,9.44
08/05/2015,9.44
09/05/2015,9.44
10/05/2015,9.43
11/05/2015,9.42
12/05/2015,9.42
13/05/2015,9.42
14/05/2015,9.42
15/05/2015,9.41
16/05/2015,9.41
17/05/2015,9.4
18/05/2015,9.41
19/05/2015,9.4
20/05/2015,9.4
21/05/2015,9.39
22/05/2015,9.38
23/05/2015,9.37
24/05/2015,9.37
25/05/2015,9.35
26/05/2015,9.34
27/05/2015,9.33
28/05/2015,9.31
29/05/2015,9.3
30/05/2015,9.28
31/05/2015,9.27
01/06/2015,9.26
02/06/2015,9.25
03/06/2015,9.29
04/06/2015,9.27
05/06/2015,9.33
06/06/2015,9.33
07/06/2015,9.33
08/06/2015,9.32
09/06/2015,9.32
10/06/2015,9.41
11/06/2015,9.61
12/06/2015,9.55
13/06/2015,9.5
14/06/2015,9.46
15/06/2015,9.46
16/06/2015,9.46
17/06/2015,9.44
18/06/2015,9.42
19/06/2015,9.4
20/06/2015,9.39
21/06/2015,9.37
22/06/2015,9.36
23/06/2015,9.35
24/06/2015,9.33
25/06/2015,9.32
26/06/2015,9.41
27/06/2015,9.39
28/06/2015,9.38
29/06/2015,9.38
30/06/2015,9.36
01/07/2015,9.34
02/07/2015,9.34
03/07/2015,9.33
04/07/2015,9.37
05/07/2015,9.36
06/07/2015,9.34
07/07/2015,9.42
08/07/2015,9.48
09/07/2015,9.46
10/07/2015,9.44
11/07/2015,9.42
12/07/2015,9.4
13/07/2015,9.38
14/07/2015,9.37
15/07/2015,9.36
16/07/2015,9.42
17/07/2015,9.5
18/07/2015,9.49
19/07/2015,9.49
20/07/2015,9.48
21/07/2015,9.45
22/07/2015,9.43
23/07/2015,9.42
24/07/2015,9.41
25/07/2015,9.42
26/07/2015,9.41
27/07/2015,9.43
28/07/2015,9.42
29/07/2015,9.41
30/07/2015,9.4
31/07/2015,9.4
01/08/2015,9.39
02/08/2015,9.42
03/08/2015,9.46
04/08/2015,9.47
05/08/2015,9.49
06/08/2015,9.56
07/08/2015,9.55
08/08/2015,9.52
09/08/2015,9.51
10/08/2015,9.5
11/08/2015,9.6
12/08/2015,9.6
13/08/2015,9.6
14/08/2015,9.64
15/08/2015,9.64
16/08/2015,9.67
17/08/2015,9.67
18/08/2015,9.67
19/08/2015,9.69
20/08/2015,9.74
21/08/2015,9.9
22/08/2015,9.87
23/08/2015,9.83
24/08/2015,9.81
25/08/2015,9.79
26/08/2015,9.92
27/08/2015,9.86
28/08/2015,9.83
29/08/2015,9.97
30/08/2015,10.07
31/08/2015,10.05
01/09/2015,10.03
02/09/2015,10.04
03/09/2015,10.04
04/09/2015,10.05
05/09/2015,10.1
06/09/2015,10.13
07/09/2015,10.14
08/09/2015,10.15
09/09/2015,10.15
10/09/2015,10.16
11/09/2015,10.17
12/09/2015,10.22
13/09/2015,10.22
14/09/2015,10.3
15/09/2015,10.31
16/09/2015,10.32
17/09/2015,10.38
18/09/2015,10.4
19/09/2015,10.41
20/09/2015,10.41
21/09/2015,10.4
22/09/2015,10.46
23/09/2015,10.5
24/09/2015,10.52
25/09/2015,10.57
26/09/2015,10.59
27/09/2015,10.67
28/09/2015,10.65
29/09/2015,10.64
30/09/2015,10.7
01/10/2015,10.7
02/10/2015,10.69
03/10/2015,10.68
04/10/2015,10.67
05/10/2015,10.67
06/10/2015,10.66
07/10/2015,10.65
08/10/2015,10.64
09/10/2015,10.68
10/10/2015,10.66
11/10/2015,10.64
12/10/2015,10.62
13/10/2015,10.58
14/10/2015,10.53
15/10/2015,10.48
16/10/2015,10.44
17/10/2015,10.41
18/10/2015,10.38
19/10/2015,10.34
20/10/2015,10.3
21/10/2015,10.26
22/10/2015,10.22
23/10/2015,10.18
24/10/2015,10.14
25/10/2015,10.12
26/10/2015,10.09
27/10/2015,10.06
28/10/2015,10.03
29/10/2015,10.03
30/10/2015,10.03
31/10/2015,9.99
01/11/2015,9.96
02/11/2015,9.94
03/11/2015,9.91
04/11/2015,9.88
05/11/2015,9.85
06/11/2015,9.83
07/11/2015,9.8
08/11/2015,9.78
09/11/2015,9.75
10/11/2015,9.73
11/11/2015,9.71
12/11/2015,9.69
13/11/2015,9.67
14/11/2015,9.89
15/11/2015,9.84
16/11/2015,9.8
17/11/2015,9.78
18/11/2015,9.76
19/11/2015,9.74
20/11/2015,9.72
21/11/2015,9.7
22/11/2015,9.9
23/11/2015,9.89
24/11/2015,9.86
25/11/2015,9.85
26/11/2015,9.87
27/11/2015,9.9
28/11/2015,9.9
29/11/2015,9.92
30/11/2015,9.94
01/12/2015,9.97
02/12/2015,9.97
03/12/2015,9.97
04/12/2015,10
05/12/2015,10.16
06/12/2015,10.15
07/12/2015,10.14
08/12/2015,10.14
09/12/2015,10.17
10/12/2015,10.19
11/12/2015,10.18
12/12/2015,10.16
13/12/2015,10.14
14/12/2015,10.11
15/12/2015,10.09
16/12/2015,10.07
17/12/2015,10.05
18/12/2015,10.02
19/12/2015,10
20/12/2015,9.98
21/12/2015,9.96
22/12/2015,9.95
23/12/2015,9.95
24/12/2015,9.94
25/12/2015,9.93
26/12/2015,9.93
27/12/2015,9.91
28/12/2015,9.9
29/12/2015,9.89
30/12/2015,9.89
31/12/2015,9.88
01/01/2016,9.88
02/01/2016,9.87
03/01/2016,9.87
04/01/2016,9.89
05/01/2016,9.87
06/01/2016,9.89
07/01/2016,9.89
08/01/2016,9.88
09/01/2016,9.88
10/01/2016,9.95
11/01/2016,9.94
12/01/2016,9.94
13/01/2016,9.94
14/01/2016,9.94
15/01/2016,9.97
16/01/2016,10.06
17/01/2016,10.1
18/01/2016,10.1
19/01/2016,10.1
20/01/2016,10.11
21/01/2016,10.13
22/01/2016,10.17
23/01/2016,10.31
24/01/2016,10.28
25/01/2016,10.25
26/01/2016,10.22
27/01/2016,10.57
28/01/2016,10.74
29/01/2016,10.76
30/01/2016,10.78
31/01/2016,10.81
01/02/2016,10.85
02/02/2016,10.89
03/02/2016,10.87
04/02/2016,10.86
05/02/2016,10.89
06/02/2016,10.88
07/02/2016,10.95
08/02/2016,10.94
09/02/2016,10.94
10/02/2016,10.93
11/02/2016,10.91
12/02/2016,10.88
13/02/2016,10.86
14/02/2016,10.83
15/02/2016,10.81
16/02/2016,10.96
17/02/2016,10.94
18/02/2016,10.9
19/02/2016,10.88
20/02/2016,10.87
21/02/2016,10.85
22/02/2016,10.84
23/02/2016,10.83
24/02/2016,10.83
25/02/2016,10.81
26/02/2016,10.78
27/02/2016,10.75
28/02/2016,10.72
29/02/2016,10.69
01/03/2016,10.67
02/03/2016,10.63
03/03/2016,10.6
04/03/2016,10.56
05/03/2016,10.53
06/03/2016,10.49
07/03/2016,10.45
08/03/2016,10.42
09/03/2016,10.39
10/03/2016,10.35
11/03/2016,10.32
12/03/2016,10.29
13/03/2016,10.26
14/03/2016,10.23
15/03/2016,10.2
16/03/2016,10.17
17/03/2016,10.14
18/03/2016,10.11
19/03/2016,10.09
20/03/2016,10.06
21/03/2016,10.04
22/03/2016,10.01
23/03/2016,9.98
24/03/2016,9.97
25/03/2016,10.01
26/03/2016,10
27/03/2016,9.99
28/03/2016,9.97
29/03/2016,9.96
30/03/2016,9.99
31/03/2016,9.97
01/04/2016,9.95
02/04/2016,9.93
03/04/2016,9.9
04/04/2016,9.88
05/04/2016,9.85
06/04/2016,9.82
07/04/2016,9.81
08/04/2016,9.78
09/04/2016,9.76
10/04/2016,9.72
11/04/2016,9.7
12/04/2016,9.67
13/04/2016,9.65
14/04/2016,9.63
15/04/2016,9.61
16/04/2016,9.6
17/04/2016,9.61
18/04/2016,9.59
19/04/2016,9.57
20/04/2016,9.56
21/04/2016,9.54
22/04/2016,9.52
23/04/2016,9.51
24/04/2016,9.49
25/04/2016,9.48
26/04/2016,9.47
27/04/2016,9.45
28/04/2016,9.44
29/04/2016,9.43
30/04/2016,9.41
01/05/2016,9.4
02/05/2016,9.39
03/05/2016,9.38
04/05/2016,9.36
05/05/2016,9.43
06/05/2016,9.42
07/05/2016,9.41
08/05/2016,9.39
09/05/2016,9.38
10/05/2016,9.36
11/05/2016,9.36
12/05/2016,9.34
13/05/2016,9.33
14/05/2016,9.32
15/05/2016,9.3
16/05/2016,9.47
17/05/2016,9.51
18/05/2016,10.07
19/05/2016,10.09
20/05/2016,10.07
21/05/2016,10.05
22/05/2016,10.04
23/05/2016,10.03
24/05/2016,10.05
25/05/2016,10.06
26/05/2016,10.06
27/05/2016,10.05
28/05/2016,10.04
29/05/2016,10.03
30/05/2016,10.02
31/05/2016,10
01/06/2016,10.01
02/06/2016,9.97
03/06/2016,9.94
04/06/2016,9.92
05/06/2016,9.9
06/06/2016,9.89
07/06/2016,9.9
08/06/2016,9.9
09/06/2016,10.03
10/06/2016,10.19
11/06/2016,10.24
12/06/2016,10.33
13/06/2016,10.35
14/06/2016,10.36
15/06/2016,10.37
16/06/2016,10.37
17/06/2016,10.46
18/06/2016,10.46
19/06/2016,10.46
20/06/2016,10.45
21/06/2016,10.4
22/06/2016,10.43
23/06/2016,10.45
24/06/2016,10.44
25/06/2016,10.49
26/06/2016,10.55
27/06/2016,10.53
28/06/2016,10.49
29/06/2016,10.46
30/06/2016,10.43
01/07/2016,10.41
02/07/2016,10.41
03/07/2016,10.4
04/07/2016,10.4
05/07/2016,10.4
06/07/2016,10.39
07/07/2016,10.39
08/07/2016,10.42
09/07/2016,10.4
10/07/2016,10.37
11/07/2016,10.33
12/07/2016,10.3
13/07/2016,10.29
14/07/2016,10.33
15/07/2016,10.29
16/07/2016,10.27
17/07/2016,10.23
18/07/2016,10.2
19/07/2016,10.16
20/07/2016,10.13
21/07/2016,10.09
22/07/2016,10.09
23/07/2016,10.17
24/07/2016,10.13
25/07/2016,10.09
26/07/2016,10.08
27/07/2016,10.04
28/07/2016,10
29/07/2016,9.98
30/07/2016,9.95
31/07/2016,9.94
01/08/2016,9.95
02/08/2016,9.95
03/08/2016,10.13
04/08/2016,10.14
05/08/2016,10.16
06/08/2016,10.16
07/08/2016,10.19
08/08/2016,10.29
09/08/2016,10.47
10/08/2016,10.47
11/08/2016,10.48
12/08/2016,10.49
13/08/2016,10.49
14/08/2016,10.5
15/08/2016,10.56
16/08/2016,10.55
17/08/2016,10.56
18/08/2016,10.56
19/08/2016,10.55
20/08/2016,10.54
21/08/2016,10.53
22/08/2016,10.51
23/08/2016,10.49
24/08/2016,10.47
25/08/2016,10.55
26/08/2016,10.55
27/08/2016,10.52
28/08/2016,10.5
29/08/2016,10.5
30/08/2016,10.53
31/08/2016,10.57
01/09/2016,10.57
02/09/2016,10.56
03/09/2016,10.54
04/09/2016,10.52
05/09/2016,10.5
06/09/2016,10.5
07/09/2016,10.55
08/09/2016,10.54
09/09/2016,10.53
10/09/2016,10.51
11/09/2016,10.5
12/09/2016,10.52
13/09/2016,10.54
14/09/2016,10.56
15/09/2016,10.56
16/09/2016,10.54
17/09/2016,10.53
18/09/2016,10.52
19/09/2016,10.51
20/09/2016,10.5
21/09/2016,10.49
22/09/2016,10.47
23/09/2016,10.45
24/09/2016,10.49
25/09/2016,10.53
26/09/2016,10.48
27/09/2016,10.46
28/09/2016,10.49
29/09/2016,10.47
30/09/2016,10.44
01/10/2016,10.42
02/10/2016,10.39
03/10/2016,10.38
04/10/2016,10.47
05/10/2016,10.51
06/10/2016,10.51
07/10/2016,10.58
08/10/2016,10.6
09/10/2016,10.64
10/10/2016,10.66
11/10/2016,10.66
12/10/2016,10.68
13/10/2016,10.68
14/10/2016,10.67
15/10/2016,10.66
16/10/2016,10.68
17/10/2016,10.66
18/10/2016,10.62
19/10/2016,10.58
20/10/2016,10.55
21/10/2016,10.52
22/10/2016,10.48
23/10/2016,10.44
24/10/2016,10.41
25/10/2016,10.38
26/10/2016,10.34
27/10/2016,10.31
28/10/2016,10.29
29/10/2016,10.27
30/10/2016,10.25
31/10/2016,10.23
01/11/2016,10.21
02/11/2016,10.19
03/11/2016,10.17
04/11/2016,10.15
05/11/2016,10.13
06/11/2016,10.11
07/11/2016,10.09
08/11/2016,10.07
09/11/2016,10.05
10/11/2016,10.03
11/11/2016,10.02
12/11/2016,10
13/11/2016,9.98
14/11/2016,9.96
15/11/2016,9.95
16/11/2016,9.93
17/11/2016,9.9
18/11/2016,9.89
19/11/2016,9.87
20/11/2016,9.85
21/11/2016,9.83
22/11/2016,9.81
23/11/2016,9.8
24/11/2016,9.79
25/11/2016,9.78
26/11/2016,9.76
27/11/2016,9.74
28/11/2016,9.73
29/11/2016,9.71
30/11/2016,9.7
01/12/2016,9.68
02/12/2016,9.68
03/12/2016,9.67
04/12/2016,9.65
05/12/2016,9.64
06/12/2016,9.63
07/12/2016,9.62
08/12/2016,9.61
09/12/2016,9.6
10/12/2016,9.59
11/12/2016,9.58
12/12/2016,9.59
13/12/2016,9.62
14/12/2016,9.61
15/12/2016,9.6
16/12/2016,9.59
17/12/2016,9.57
18/12/2016,9.56
19/12/2016,9.55
20/12/2016,9.54
21/12/2016,9.54
22/12/2016,9.53
23/12/2016,9.52
24/12/2016,9.51
25/12/2016,9.5
26/12/2016,9.49
27/12/2016,9.48
28/12/2016,9.47
29/12/2016,9.46
30/12/2016,9.45
31/12/2016,9.44
01/01/2017,9.43
02/01/2017,9.42
03/01/2017,9.42
04/01/2017,9.41
05/01/2017,9.41
06/01/2017,9.4
07/01/2017,9.39
08/01/2017,9.39
09/01/2017,9.38
10/01/2017,9.37
11/01/2017,9.37
12/01/2017,9.36
13/01/2017,9.36
14/01/2017,9.35
15/01/2017,9.35
16/01/2017,9.34
17/01/2017,9.33
18/01/2017,9.32
19/01/2017,9.31
20/01/2017,9.3
21/01/2017,9.29
22/01/2017,9.28
23/01/2017,9.46
24/01/2017,9.45
25/01/2017,9.43
26/01/2017,9.42
27/01/2017,9.41
28/01/2017,9.4
29/01/2017,9.42
30/01/2017,9.44
31/01/2017,9.43
01/02/2017,9.42
02/02/2017,9.41
03/02/2017,9.41
04/02/2017,9.4
05/02/2017,9.39
06/02/2017,9.38
07/02/2017,9.38
08/02/2017,9.37
09/02/2017,9.36
10/02/2017,9.35
11/02/2017,9.34
12/02/2017,9.33
13/02/2017,9.32
14/02/2017,9.31
15/02/2017,9.3
16/02/2017,9.35
17/02/2017,9.32
18/02/2017,9.31
19/02/2017,9.3
20/02/2017,9.28
21/02/2017,9.27
22/02/2017,9.33
23/02/2017,9.35
24/02/2017,9.34
25/02/2017,9.33
26/02/2017,9.31
27/02/2017,9.3
28/02/2017,9.28
01/03/2017,9.27
02/03/2017,9.26
03/03/2017,9.24
04/03/2017,9.23
05/03/2017,9.22
06/03/2017,9.22
07/03/2017,9.21
08/03/2017,9.2
09/03/2017,9.19
10/03/2017,9.18
11/03/2017,9.16
12/03/2017,9.15
13/03/2017,9.14
14/03/2017,9.23
15/03/2017,9.2
16/03/2017,9.19
17/03/2017,9.18
18/03/2017,9.17
19/03/2017,9.17
20/03/2017,9.15
21/03/2017,9.14
22/03/2017,9.13
23/03/2017,9.1
24/03/2017,9.06
25/03/2017,9.01
26/03/2017,8.95
27/03/2017,8.93
28/03/2017,8.88
29/03/2017,8.85
30/03/2017,8.84
31/03/2017,8.83
01/04/2017,8.81
02/04/2017,8.71
03/04/2017,8.63
04/04/2017,8.62
05/04/2017,8.59
06/04/2017,8.55
07/04/2017,8.52
08/04/2017,8.47
09/04/2017,8.42
10/04/2017,8.37
11/04/2017,8.35
12/04/2017,8.35
13/04/2017,8.88
14/04/2017,8.87
15/04/2017,8.86
16/04/2017,8.85
17/04/2017,8.85
18/04/2017,8.84
19/04/2017,8.84
20/04/2017,8.83
21/04/2017,8.82
22/04/2017,8.82
23/04/2017,8.83
24/04/2017,8.83
25/04/2017,8.84
26/04/2017,8.85
27/04/2017,8.84
28/04/2017,8.84
29/04/2017,8.83
30/04/2017,8.83
01/05/2017,8.82
02/05/2017,8.82
03/05/2017,9.19
04/05/2017,9.18
05/05/2017,9.19
06/05/2017,9.18
07/05/2017,9.17
08/05/2017,9.15
09/05/2017,9.12
10/05/2017,9.1
11/05/2017,9.08
12/05/2017,9.05
13/05/2017,9.02
14/05/2017,8.98
15/05/2017,8.94
16/05/2017,8.9
17/05/2017,8.86
18/05/2017,8.84
19/05/2017,8.81
20/05/2017,8.77
21/05/2017,8.72
22/05/2017,8.68
23/05/2017,8.63
24/05/2017,8.59
25/05/2017,9.04
26/05/2017,9.09
27/05/2017,9.05
28/05/2017,9.04
29/05/2017,9.03
30/05/2017,9.22
31/05/2017,9.22
01/06/2017,9.31
02/06/2017,9.32
03/06/2017,9.32
04/06/2017,9.37
05/06/2017,9.47
06/06/2017,9.83
07/06/2017,10.5
08/06/2017,10.65
09/06/2017,10.64
10/06/2017,10.83
11/06/2017,10.83
12/06/2017,10.78
13/06/2017,10.75
14/06/2017,10.72
15/06/2017,10.71
16/06/2017,10.67
17/06/2017,10.68
18/06/2017,10.69
19/06/2017,10.69
20/06/2017,10.7
21/06/2017,10.72
22/06/2017,10.71
23/06/2017,10.69
24/06/2017,10.67
25/06/2017,10.65
26/06/2017,10.62
27/06/2017,10.66
28/06/2017,10.62
29/06/2017,10.6
30/06/2017,10.56
01/07/2017,10.51
02/07/2017,10.59
03/07/2017,10.52
04/07/2017,10.47
05/07/2017,10.41
06/07/2017,10.37
07/07/2017,10.36
08/07/2017,10.33
09/07/2017,10.3
10/07/2017,10.27
11/07/2017,10.24
12/07/2017,10.21
13/07/2017,10.55
14/07/2017,10.53
15/07/2017,10.48
16/07/2017,10.44
17/07/2017,10.41
18/07/2017,10.38
19/07/2017,10.34
20/07/2017,10.31
21/07/2017,10.31
22/07/2017,10.29
23/07/2017,10.28
24/07/2017,10.28
25/07/2017,10.24
26/07/2017,10.19
27/07/2017,10.15
28/07/2017,10.13
29/07/2017,10.12
30/07/2017,10.12
31/07/2017,10.17
01/08/2017,10.2
02/08/2017,10.21
03/08/2017,10.2
04/08/2017,10.18
05/08/2017,10.16
06/08/2017,10.14
07/08/2017,10.12
08/08/2017,10.1
09/08/2017,10.05
10/08/2017,10.03
11/08/2017,10.08
12/08/2017,10.07
13/08/2017,10.05
14/08/2017,10.03
15/08/2017,10
16/08/2017,9.98
17/08/2017,9.95
18/08/2017,9.93
19/08/2017,9.91
20/08/2017,9.89
21/08/2017,9.87
22/08/2017,9.9
23/08/2017,9.89
24/08/2017,9.98
25/08/2017,10.05
26/08/2017,10.1
27/08/2017,10.12
28/08/2017,10.13
29/08/2017,10.12
30/08/2017,10.11
31/08/2017,10.1
01/09/2017,10.09
02/09/2017,10.14
03/09/2017,10.13
04/09/2017,10.21
05/09/2017,10.17
06/09/2017,10.17
07/09/2017,10.2
08/09/2017,10.37
09/09/2017,10.38
10/09/2017,10.88
11/09/2017,11.31
12/09/2017,11.42
13/09/2017,11.4
14/09/2017,11.37
15/09/2017,11.32
16/09/2017,11.3
17/09/2017,11.28
18/09/2017,11.27
19/09/2017,11.25
20/09/2017,11.24
21/09/2017,11.25
22/09/2017,11.28
23/09/2017,11.28
24/09/2017,11.3
25/09/2017,11.31
26/09/2017,11.33
27/09/2017,11.34
28/09/2017,11.34
29/09/2017,11.34
30/09/2017,11.38
01/10/2017,11.37
02/10/2017,11.37
03/10/2017,11.38
04/10/2017,11.5
05/10/2017,11.67
06/10/2017,11.66
07/10/2017,11.64
08/10/2017,11.63
09/10/2017,11.61
10/10/2017,11.57
11/10/2017,11.54
12/10/2017,11.5
13/10/2017,11.48
14/10/2017,11.45
15/10/2017,11.44
16/10/2017,11.39
17/10/2017,11.38
18/10/2017,11.38
19/10/2017,11.34
20/10/2017,11.3
21/10/2017,11.26
22/10/2017,11.24
23/10/2017,11.21
24/10/2017,11.19
25/10/2017,11.17
26/10/2017,11.13
27/10/2017,11.09
28/10/2017,11.07
29/10/2017,11.33
30/10/2017,11.29
31/10/2017,11.27
01/11/2017,11.26
02/11/2017,11.25
03/11/2017,11.23
04/11/2017,11.21
05/11/2017,11.18
06/11/2017,11.14
07/11/2017,11.11
08/11/2017,11.07
09/11/2017,11.02
10/11/2017,10.97
11/11/2017,10.91
12/11/2017,10.88
13/11/2017,10.83
14/11/2017,10.79
15/11/2017,10.74
16/11/2017,10.69
17/11/2017,10.65
18/11/2017,10.62
19/11/2017,10.6
20/11/2017,10.55
21/11/2017,10.51
22/11/2017,10.5
23/11/2017,10.47
24/11/2017,10.44
25/11/2017,10.4
26/11/2017,10.37
27/11/2017,10.32
28/11/2017,10.3
29/11/2017,10.27
30/11/2017,10.26
01/12/2017,10.23
02/12/2017,10.21
03/12/2017,10.19
04/12/2017,10.16
05/12/2017,10.14
06/12/2017,10.12
07/12/2017,10.11
08/12/2017,10.1
09/12/2017,10.1
10/12/2017,10.09
11/12/2017,10.09
12/12/2017,10.07
13/12/2017,10.05
14/12/2017,10.04
15/12/2017,10.02
16/12/2017,10
17/12/2017,9.98
18/12/2017,9.97
19/12/2017,9.95
20/12/2017,9.93
21/12/2017,9.91
22/12/2017,9.89
23/12/2017,9.87
24/12/2017,9.85
25/12/2017,9.83
26/12/2017,9.8
27/12/2017,9.79
28/12/2017,9.77
29/12/2017,9.75
30/12/2017,9.73
31/12/2017,9.72
01/01/2018,9.71
02/01/2018,9.68
03/01/2018,9.68
04/01/2018,9.67
05/01/2018,9.67
06/01/2018,9.66
07/01/2018,9.64
08/01/2018,9.64
09/01/2018,9.64
10/01/2018,9.64
11/01/2018,9.64
12/01/2018,9.65
13/01/2018,9.66
14/01/2018,9.64
15/01/2018,9.63
16/01/2018,9.63
17/01/2018,9.63
18/01/2018,9.61
19/01/2018,9.61
20/01/2018,9.61
21/01/2018,9.61
22/01/2018,9.62
23/01/2018,9.62
24/01/2018,9.61
25/01/2018,9.61
26/01/2018,9.61
27/01/2018,9.61
28/01/2018,9.61
29/01/2018,9.61
30/01/2018,9.59
31/01/2018,9.59
01/02/2018,9.61
02/02/2018,9.62
03/02/2018,9.62
04/02/2018,9.63
05/02/2018,9.66
06/02/2018,9.67
07/02/2018,9.67
08/02/2018,9.67
09/02/2018,9.67
10/02/2018,9.67
11/02/2018,9.67
12/02/2018,9.68
13/02/2018,9.66
14/02/2018,9.65
15/02/2018,9.64
16/02/2018,9.64
17/02/2018,9.62
18/02/2018,9.61
19/02/2018,9.6
20/02/2018,9.59
21/02/2018,9.58
22/02/2018,9.56
23/02/2018,9.55
24/02/2018,9.54
25/02/2018,9.52
26/02/2018,9.51
27/02/2018,9.49
28/02/2018,9.48
01/03/2018,9.46
02/03/2018,9.45
03/03/2018,9.43
04/03/2018,9.41
05/03/2018,9.4
06/03/2018,9.38
07/03/2018,9.37
08/03/2018,9.35
09/03/2018,9.33
10/03/2018,9.32
11/03/2018,9.36
12/03/2018,9.36
13/03/2018,9.36
14/03/2018,9.34
15/03/2018,9.33
16/03/2018,9.31
17/03/2018,9.29
18/03/2018,9.27
19/03/2018,9.25
20/03/2018,9.23
21/03/2018,9.2
22/03/2018,9.17
23/03/2018,9.13
24/03/2018,9.1
25/03/2018,9.07
26/03/2018,9.04
27/03/2018,8.99
28/03/2018,8.95
29/03/2018,8.91
30/03/2018,8.88
31/03/2018,8.86
01/04/2018,8.83
02/04/2018,8.79
03/04/2018,8.74
04/04/2018,8.69
05/04/2018,8.63
06/04/2018,8.57
07/04/2018,8.53
08/04/2018,8.47
09/04/2018,8.42
10/04/2018,8.36
11/04/2018,8.32
12/04/2018,8.27
13/04/2018,8.23
14/04/2018,8.2
15/04/2018,8.16
16/04/2018,8.25
17/04/2018,8.17
18/04/2018,8.11
19/04/2018,8.07
20/04/2018,8.03
21/04/2018,8
22/04/2018,8.03
23/04/2018,8.02
24/04/2018,7.99
25/04/2018,7.94
26/04/2018,7.9
27/04/2018,7.88
28/04/2018,8.6
29/04/2018,8.51
30/04/2018,8.44
01/05/2018,8.36
02/05/2018,8.3
03/05/2018,8.24
04/05/2018,8.19
05/05/2018,8.14
06/05/2018,8.09
07/05/2018,8.04
08/05/2018,7.99
09/05/2018,7.93
10/05/2018,7.86
11/05/2018,7.81
12/05/2018,7.77
13/05/2018,7.75
14/05/2018,8.6
15/05/2018,8.83
16/05/2018,8.9
17/05/2018,8.9
18/05/2018,8.89
19/05/2018,9.04
20/05/2018,9.17
21/05/2018,9.3
22/05/2018,9.31
23/05/2018,9.29
24/05/2018,9.27
25/05/2018,9.38
26/05/2018,9.52
27/05/2018,9.79
28/05/2018,9.84
29/05/2018,9.84
30/05/2018,9.89
31/05/2018,9.95
01/06/2018,9.96
02/06/2018,9.98
03/06/2018,10.02
04/06/2018,10.02
05/06/2018,10.02
06/06/2018,10.02
07/06/2018,10.02
08/06/2018,10.06
09/06/2018,10.06
10/06/2018,10.07
11/06/2018,10.08
12/06/2018,10.07
13/06/2018,10.06
14/06/2018,10.06
15/06/2018,10.05
16/06/2018,10.04
17/06/2018,10
18/06/2018,9.96
19/06/2018,9.96
20/06/2018,9.94
21/06/2018,9.92
22/06/2018,9.91
23/06/2018,9.94
24/06/2018,9.95
25/06/2018,9.98
26/06/2018,10
27/06/2018,10.07
28/06/2018,10.11
29/06/2018,10.11
30/06/2018,10.11
01/07/2018,10.1
02/07/2018,10.1
03/07/2018,10.09
04/07/2018,10.09
05/07/2018,10.18
06/07/2018,10.22
07/07/2018,10.26
08/07/2018,10.34
09/07/2018,10.33
10/07/2018,10.32
11/07/2018,10.37
12/07/2018,10.36
13/07/2018,10.36
14/07/2018,10.35
15/07/2018,10.36
16/07/2018,10.31
17/07/2018,10.26
18/07/2018,10.21
19/07/2018,10.16
20/07/2018,10.1
21/07/2018,10.06
22/07/2018,10.02
23/07/2018,10.01
24/07/2018,10.03
25/07/2018,10.05
26/07/2018,10.02
27/07/2018,10.1
28/07/2018,10.07
29/07/2018,10.03
30/07/2018,10
31/07/2018,9.98
01/08/2018,9.95
02/08/2018,9.91
03/08/2018,9.89
04/08/2018,9.88
05/08/2018,9.88
06/08/2018,9.87
07/08/2018,9.87
08/08/2018,9.88
09/08/2018,9.88
10/08/2018,9.89
11/08/2018,9.99
12/08/2018,10.03
13/08/2018,10.01
14/08/2018,9.98
15/08/2018,9.96
16/08/2018,9.93
17/08/2018,9.91
18/08/2018,9.89
19/08/2018,9.87
20/08/2018,9.87
21/08/2018,9.9
22/08/2018,9.88
23/08/2018,9.86
24/08/2018,9.85
25/08/2018,9.94
26/08/2018,9.92
27/08/2018,9.86
28/08/2018,9.84
29/08/2018,9.84
30/08/2018,9.85
31/08/2018,9.85
01/09/2018,9.84
02/09/2018,9.85
03/09/2018,9.92
04/09/2018,10.07
05/09/2018,10.1
06/09/2018,10.1
07/09/2018,10.11
08/09/2018,10.11
09/09/2018,10.09
10/09/2018,10.08
11/09/2018,10.07
12/09/2018,10.07
13/09/2018,10.05
14/09/2018,10.14
15/09/2018,10.13
16/09/2018,10.1
17/09/2018,10.06
18/09/2018,10.04
19/09/2018,10.03
20/09/2018,10.01
21/09/2018,9.99
22/09/2018,9.99
23/09/2018,9.96
24/09/2018,9.93
25/09/2018,9.91
26/09/2018,9.9
27/09/2018,9.86
28/09/2018,9.83
29/09/2018,9.79
30/09/2018,9.76
01/10/2018,9.73
02/10/2018,9.69
03/10/2018,9.65
04/10/2018,9.63
05/10/2018,9.62
06/10/2018,9.59
07/10/2018,9.57
08/10/2018,9.55
09/10/2018,9.54
10/10/2018,9.52
11/10/2018,9.52
12/10/2018,9.6
13/10/2018,9.57
14/10/2018,9.55
15/10/2018,9.53
16/10/2018,9.52
17/10/2018,9.51
18/10/2018,9.51
19/10/2018,9.5
20/10/2018,9.5
21/10/2018,9.49
22/10/2018,9.48
23/10/2018,9.48
24/10/2018,9.48
25/10/2018,9.48
26/10/2018,9.47
27/10/2018,9.47
28/10/2018,9.46
29/10/2018,9.45
30/10/2018,9.45
31/10/2018,9.45
01/11/2018,9.46
02/11/2018,9.46
03/11/2018,9.51
04/11/2018,9.55
05/11/2018,9.58
06/11/2018,9.6
07/11/2018,9.61
08/11/2018,9.6
09/11/2018,9.59
10/11/2018,9.58
11/11/2018,9.56
12/11/2018,9.54
13/11/2018,9.52
14/11/2018,9.55
15/11/2018,9.54
16/11/2018,9.53
17/11/2018,9.51
18/11/2018,9.49
19/11/2018,9.48
20/11/2018,9.49
21/11/2018,9.48
22/11/2018,9.46
23/11/2018,9.45
24/11/2018,9.44
25/11/2018,9.43
26/11/2018,9.42
27/11/2018,9.4
28/11/2018,9.38
29/11/2018,9.37
30/11/2018,9.36
01/12/2018,9.35
02/12/2018,9.35
03/12/2018,9.33
04/12/2018,9.32
05/12/2018,9.31
06/12/2018,9.29
07/12/2018,9.28
08/12/2018,9.27
09/12/2018,9.26
10/12/2018,9.25
11/12/2018,9.22
12/12/2018,9.21
13/12/2018,9.2
14/12/2018,9.19
15/12/2018,9.18
16/12/2018,9.17
17/12/2018,9.17
18/12/2018,9.15
19/12/2018,9.14
20/12/2018,9.13
21/12/2018,9.26
22/12/2018,9.23
23/12/2018,9.21
24/12/2018,9.21
25/12/2018,9.19
26/12/2018,9.18
27/12/2018,9.18
28/12/2018,9.16
29/12/2018,9.15
30/12/2018,9.14
31/12/2018,9.13
01/01/2019,9.11
02/01/2019,9.1
03/01/2019,9.09
04/01/2019,9.08
05/01/2019,9.06
06/01/2019,9.04
07/01/2019,9.02
08/01/2019,9.02
09/01/2019,8.99
10/01/2019,8.97
11/01/2019,8.95
12/01/2019,8.94
13/01/2019,8.92
14/01/2019,8.9
15/01/2019,8.88
16/01/2019,8.87
17/01/2019,8.85
18/01/2019,8.83
19/01/2019,8.82
20/01/2019,8.81
21/01/2019,8.8
22/01/2019,8.78
23/01/2019,8.75
24/01/2019,8.76
25/01/2019,8.9
26/01/2019,9.41
27/01/2019,9.69
28/01/2019,9.84
29/01/2019,9.88
30/01/2019,9.91
31/01/2019,9.92
01/02/2019,9.94
02/02/2019,9.95
03/02/2019,9.96
04/02/2019,9.95
05/02/2019,9.96
06/02/2019,9.96
07/02/2019,9.95
08/02/2019,9.9
09/02/2019,9.86
10/02/2019,9.84
11/02/2019,9.81
12/02/2019,9.8
13/02/2019,9.8
14/02/2019,9.82
15/02/2019,9.8
16/02/2019,9.78
17/02/2019,9.77
18/02/2019,9.76
19/02/2019,9.76
20/02/2019,9.76
21/02/2019,9.73
22/02/2019,9.7
23/02/2019,9.69
24/02/2019,9.68
25/02/2019,9.65
26/02/2019,9.64
27/02/2019,9.64
28/02/2019,9.65
01/03/2019,9.65
02/03/2019,9.65
03/03/2019,9.64
04/03/2019,9.64
05/03/2019,9.64
06/03/2019,9.61
07/03/2019,9.6
08/03/2019,9.6
09/03/2019,9.6
10/03/2019,9.59
11/03/2019,9.57
12/03/2019,9.55
13/03/2019,9.52
14/03/2019,9.5
15/03/2019,9.48
16/03/2019,9.46
17/03/2019,9.44
18/03/2019,9.45
19/03/2019,9.51
20/03/2019,9.55
21/03/2019,9.54
22/03/2019,9.51
23/03/2019,9.49
24/03/2019,9.47
25/03/2019,9.46
26/03/2019,9.44
27/03/2019,9.41
28/03/2019,9.39
29/03/2019,9.37
30/03/2019,9.36
31/03/2019,9.35
01/04/2019,9.33
02/04/2019,9.3
03/04/2019,9.29
04/04/2019,9.33
05/04/2019,9.37
06/04/2019,9.35
07/04/2019,9.33
08/04/2019,9.32
09/04/2019,9.32
10/04/2019,9.32
11/04/2019,9.3
12/04/2019,9.28
13/04/2019,9.25
14/04/2019,9.23
15/04/2019,9.29
16/04/2019,9.28
17/04/2019,9.25
18/04/2019,9.23
19/04/2019,9.23
20/04/2019,9.23
21/04/2019,9.2
22/04/2019,9.17
23/04/2019,9.14
24/04/2019,9.11
25/04/2019,9.08
26/04/2019,9.04
27/04/2019,9.01
28/04/2019,8.97
29/04/2019,8.95
30/04/2019,8.91
01/05/2019,8.86
02/05/2019,8.85
03/05/2019,8.91
04/05/2019,9.02
05/05/2019,9.23
06/05/2019,9.23
07/05/2019,9.38
08/05/2019,9.4
09/05/2019,9.4
10/05/2019,9.46
11/05/2019,9.42
12/05/2019,9.4
13/05/2019,9.4
14/05/2019,9.37
15/05/2019,9.35
16/05/2019,9.41
17/05/2019,9.4
18/05/2019,9.4
19/05/2019,9.38
20/05/2019,9.37
21/05/2019,9.39
22/05/2019,9.41
23/05/2019,9.43
24/05/2019,9.45
25/05/2019,9.45
26/05/2019,9.45
27/05/2019,9.44
28/05/2019,9.42
29/05/2019,9.39
30/05/2019,9.37
31/05/2019,9.34
01/06/2019,9.31
02/06/2019,9.28
03/06/2019,9.25
04/06/2019,9.23
05/06/2019,9.26
06/06/2019,9.4
07/06/2019,9.37
08/06/2019,9.37
09/06/2019,9.4
10/06/2019,9.39
11/06/2019,9.38
12/06/2019,9.36
13/06/2019,9.36
14/06/2019,9.37
15/06/2019,9.41
16/06/2019,9.39
17/06/2019,9.39
18/06/2019,9.52
19/06/2019,9.65
20/06/2019,9.62
21/06/2019,9.61
22/06/2019,9.66
23/06/2019,9.74
24/06/2019,9.79
25/06/2019,9.81
26/06/2019,9.81
27/06/2019,9.8
28/06/2019,9.81
29/06/2019,9.83
30/06/2019,9.83
01/07/2019,9.83
02/07/2019,9.78
03/07/2019,9.74
04/07/2019,9.7
05/07/2019,9.67
06/07/2019,9.66
07/07/2019,9.69
08/07/2019,9.75
09/07/2019,9.81
10/07/2019,9.81
11/07/2019,9.82
12/07/2019,9.79
13/07/2019,9.75
14/07/2019,9.71
15/07/2019,9.66
16/07/2019,9.62
17/07/2019,9.59
18/07/2019,9.58
19/07/2019,9.58
20/07/2019,9.57
21/07/2019,9.56
22/07/2019,9.57
23/07/2019,9.65
24/07/2019,9.7
25/07/2019,9.68
26/07/2019,9.68
27/07/2019,9.79
28/07/2019,9.76
29/07/2019,9.74
30/07/2019,10.14
31/07/2019,10.15
01/08/2019,10.2
02/08/2019,10.2
03/08/2019,10.2
04/08/2019,10.26
05/08/2019,10.28
06/08/2019,10.31
07/08/2019,10.31
08/08/2019,10.32
09/08/2019,10.33
10/08/2019,10.36
11/08/2019,10.36
12/08/2019,10.4
13/08/2019,10.43
14/08/2019,10.5
15/08/2019,10.5
16/08/2019,10.55
17/08/2019,10.6
18/08/2019,10.65
19/08/2019,10.63
20/08/2019,10.61
21/08/2019,10.59
22/08/2019,10.53
23/08/2019,10.5
24/08/2019,10.46
25/08/2019,10.43
26/08/2019,10.42
27/08/2019,10.42
28/08/2019,10.4
29/08/2019,10.35
30/08/2019,10.34
31/08/2019,10.32
01/09/2019,10.32
02/09/2019,10.31
03/09/2019,10.32
04/09/2019,10.32
05/09/2019,10.3
06/09/2019,10.25
07/09/2019,10.19
08/09/2019,10.14
09/09/2019,10.1
10/09/2019,10.06
11/09/2019,10.02
12/09/2019,9.97
13/09/2019,9.97
14/09/2019,9.95
15/09/2019,9.94
16/09/2019,9.93
17/09/2019,9.91
18/09/2019,9.89
19/09/2019,9.87
20/09/2019,9.86
21/09/2019,9.85
22/09/2019,9.83
23/09/2019,9.81
24/09/2019,9.78
25/09/2019,9.76
26/09/2019,9.73
27/09/2019,9.7
28/09/2019,9.68
29/09/2019,9.64
30/09/2019,9.62
01/10/2019,9.59
02/10/2019,9.58
03/10/2019,9.56
04/10/2019,9.53
05/10/2019,9.51
06/10/2019,9.49
07/10/2019,9.47
08/10/2019,9.7
09/10/2019,9.71
10/10/2019,9.72
11/10/2019,9.7
12/10/2019,9.68
13/10/2019,9.66
14/10/2019,9.63
15/10/2019,9.61
16/10/2019,9.59
17/10/2019,9.57
18/10/2019,9.63
19/10/2019,9.63
20/10/2019,9.62
21/10/2019,9.62
22/10/2019,9.59
23/10/2019,9.62
24/10/2019,9.6
25/10/2019,9.58
26/10/2019,9.56
27/10/2019,9.54
28/10/2019,9.52
29/10/2019,9.5
30/10/2019,9.48
31/10/2019,9.47
01/11/2019,9.45
02/11/2019,9.43
03/11/2019,9.42
04/11/2019,9.41
05/11/2019,9.4
06/11/2019,9.39
07/11/2019,9.37
08/11/2019,9.36
09/11/2019,9.35
10/11/2019,9.35
11/11/2019,9.33
12/11/2019,9.31
13/11/2019,9.3
14/11/2019,9.29
15/11/2019,9.29
16/11/2019,9.3
17/11/2019,9.28
18/11/2019,9.27
19/11/2019,9.25
20/11/2019,9.23
21/11/2019,9.22
22/11/2019,9.22
23/11/2019,9.21
24/11/2019,9.21
25/11/2019,9.2
26/11/2019,9.19
27/11/2019,9.19
28/11/2019,9.18
29/11/2019,9.17
30/11/2019,9.16
01/12/2019,9.15
02/12/2019,9.14
03/12/2019,9.12
04/12/2019,9.11
05/12/2019,9.09
06/12/2019,9.09
07/12/2019,9.08
08/12/2019,9.07
09/12/2019,9.06
10/12/2019,9.05
11/12/2019,9.04
12/12/2019,9.08
13/12/2019,9.08
14/12/2019,9.08
15/12/2019,9.07
16/12/2019,9.06
17/12/2019,9.05
18/12/2019,9.06
19/12/2019,9.05
20/12/2019,9.05
21/12/2019,9.04
22/12/2019,9.04
23/12/2019,9.12
24/12/2019,9.12
25/12/2019,9.11
26/12/2019,9.11
27/12/2019,9.12
28/12/2019,9.14
29/12/2019,9.16
30/12/2019,9.16
31/12/2019,9.18
01/01/2020,9.17
02/01/2020,9.16
03/01/2020,9.15
04/01/2020,9.14
05/01/2020,9.14
06/01/2020,9.13
07/01/2020,9.12
08/01/2020,9.11
09/01/2020,9.1
10/01/2020,9.09
11/01/2020,9.09
12/01/2020,9.08
13/01/2020,9.07
14/01/2020,9.06
15/01/2020,9.04
16/01/2020,9.03
17/01/2020,9.01
18/01/2020,9
19/01/2020,8.98
20/01/2020,8.97
21/01/2020,8.95
22/01/2020,8.92
23/01/2020,8.9
24/01/2020,8.89
25/01/2020,8.88
26/01/2020,8.85
27/01/2020,8.83
28/01/2020,8.82
29/01/2020,8.8
30/01/2020,8.79
31/01/2020,8.78
01/02/2020,9.14
02/02/2020,9.14
03/02/2020,9.13
04/02/2020,9.12
05/02/2020,9.11
06/02/2020,9.11
07/02/2020,9.19
08/02/2020,9.18
09/02/2020,9.18
10/02/2020,9.27
11/02/2020,9.31
12/02/2020,9.34
13/02/2020,9.36
14/02/2020,9.38
15/02/2020,9.38
16/02/2020,9.4
17/02/2020,9.42
18/02/2020,9.43
19/02/2020,9.44
20/02/2020,9.45
21/02/2020,9.46
22/02/2020,9.46
23/02/2020,9.47
24/02/2020,9.49
25/02/2020,9.5
26/02/2020,9.51
27/02/2020,9.52
28/02/2020,9.52
29/02/2020,9.52
01/03/2020,9.53
02/03/2020,9.55
03/03/2020,9.56
04/03/2020,9.56
05/03/2020,9.56
06/03/2020,9.55
07/03/2020,9.54
08/03/2020,9.53
09/03/2020,9.54
10/03/2020,9.54
11/03/2020,9.55
12/03/2020,9.53
13/03/2020,9.51
14/03/2020,9.49
15/03/2020,9.46
16/03/2020,9.44
17/03/2020,9.41
18/03/2020,9.39
19/03/2020,9.37
20/03/2020,9.35
21/03/2020,9.33
22/03/2020,9.3
23/03/2020,9.28
24/03/2020,9.26
25/03/2020,9.22
26/03/2020,9.21
27/03/2020,9.19
28/03/2020,9.19
29/03/2020,9.17
30/03/2020,9.16
31/03/2020,9.15
01/04/2020,9.14
02/04/2020,9.12
03/04/2020,9.1
04/04/2020,9.08
05/04/2020,9.06
06/04/2020,9.08
07/04/2020,9.06
08/04/2020,9.04
09/04/2020,9.02
10/04/2020,8.98
11/04/2020,8.94
12/04/2020,8.91
13/04/2020,8.89
14/04/2020,8.85
15/04/2020,8.8
16/04/2020,8.75
17/04/2020,8.72
18/04/2020,8.87
19/04/2020,8.86
20/04/2020,8.79
21/04/2020,8.71
22/04/2020,8.63
23/04/2020,8.57
24/04/2020,8.51
25/04/2020,8.48
26/04/2020,8.44
27/04/2020,8.73
28/04/2020,8.63
29/04/2020,8.56
30/04/2020,8.51
01/05/2020,8.77
02/05/2020,8.67
03/05/2020,8.6
04/05/2020,8.54
05/05/2020,8.47
06/05/2020,8.42
07/05/2020,8.36
08/05/2020,8.32
09/05/2020,8.3
10/05/2020,8.29
11/05/2020,8.33
12/05/2020,8.3
13/05/2020,8.29
14/05/2020,8.28
15/05/2020,8.63
16/05/2020,8.63
17/05/2020,8.61
18/05/2020,8.56
19/05/2020,9.06
20/05/2020,9.04
21/05/2020,9.06
22/05/2020,9.15
23/05/2020,9.14
24/05/2020,9.22
25/05/2020,9.34
26/05/2020,9.57
27/05/2020,9.59
28/05/2020,9.61
29/05/2020,9.64
30/05/2020,9.68
31/05/2020,9.7
01/06/2020,9.7
02/06/2020,9.7
03/06/2020,9.77
04/06/2020,9.84
05/06/2020,9.9
06/06/2020,10.05
07/06/2020,10.04
08/06/2020,10.02
09/06/2020,10.04
10/06/2020,10.08
11/06/2020,10.13
12/06/2020,10.14
13/06/2020,10.15
14/06/2020,10.15
15/06/2020,10.18
16/06/2020,10.17
17/06/2020,10.15
18/06/2020,10.15
19/06/2020,10.25
20/06/2020,10.34
21/06/2020,10.35
22/06/2020,10.35
23/06/2020,10.35
24/06/2020,10.33
25/06/2020,10.3
26/06/2020,10.23
27/06/2020,10.16
28/06/2020,10.1
29/06/2020,10.05
30/06/2020,10
01/07/2020,9.95
02/07/2020,9.91
03/07/2020,9.87
04/07/2020,9.83
05/07/2020,9.83
06/07/2020,9.84
07/07/2020,9.81
08/07/2020,9.78
09/07/2020,9.74
10/07/2020,9.72
11/07/2020,9.71
12/07/2020,9.79
13/07/2020,9.82
14/07/2020,9.87
15/07/2020,9.87
16/07/2020,9.89
17/07/2020,9.92
18/07/2020,10.03
19/07/2020,10.03
20/07/2020,10.06
21/07/2020,10.09
22/07/2020,10.14
23/07/2020,10.21
24/07/2020,10.2
25/07/2020,10.2
26/07/2020,10.21
27/07/2020,10.4
28/07/2020,10.38
29/07/2020,10.41
30/07/2020,10.38
31/07/2020,10.35
01/08/2020,10.34
02/08/2020,10.38
03/08/2020,10.4
04/08/2020,10.44
05/08/2020,10.39
06/08/2020,10.37
07/08/2020,10.36
08/08/2020,10.37
09/08/2020,10.34
10/08/2020,10.31
11/08/2020,10.29
12/08/2020,10.27
13/08/2020,10.25
14/08/2020,10.22
15/08/2020,10.19
16/08/2020,10.15
17/08/2020,10.11
18/08/2020,10.09
19/08/2020,10.1
20/08/2020,10.1
21/08/2020,10.06
22/08/2020,10.04
23/08/2020,10.02
24/08/2020,10
25/08/2020,9.98
26/08/2020,9.94
27/08/2020,9.9
28/08/2020,9.89
29/08/2020,9.89
30/08/2020,10.01
31/08/2020,10.02
01/09/2020,10.02
02/09/2020,10.01
03/09/2020,9.99
04/09/2020,9.97
05/09/2020,9.95
06/09/2020,9.96
07/09/2020,9.99
08/09/2020,10.03
09/09/2020,10.07
10/09/2020,10.13
11/09/2020,10.15
12/09/2020,10.17
13/09/2020,10.18
14/09/2020,10.17
15/09/2020,10.15
16/09/2020,10.13
17/09/2020,10.12
18/09/2020,10.1
19/09/2020,10.11
20/09/2020,10.13
21/09/2020,10.26
22/09/2020,10.31
23/09/2020,10.3
24/09/2020,10.3
25/09/2020,10.3
26/09/2020,10.31
27/09/2020,10.34
28/09/2020,10.35
29/09/2020,10.34
30/09/2020,10.34
01/10/2020,10.35
02/10/2020,10.38
03/10/2020,10.38
04/10/2020,10.39
05/10/2020,10.38
06/10/2020,10.37
07/10/2020,10.37
08/10/2020,10.37
09/10/2020,10.37
10/10/2020,10.37
11/10/2020,10.37
12/10/2020,10.38
13/10/2020,10.39
14/10/2020,10.38
15/10/2020,10.38
16/10/2020,10.38
17/10/2020,10.44
18/10/2020,10.45
19/10/2020,10.48
20/10/2020,10.5
21/10/2020,10.56
22/10/2020,10.56
23/10/2020,10.55
24/10/2020,10.55
25/10/2020,10.57
26/10/2020,10.7
27/10/2020,10.7
28/10/2020,10.7
29/10/2020,10.69
30/10/2020,10.67
31/10/2020,10.68
01/11/2020,10.69
02/11/2020,10.68
03/11/2020,10.67
04/11/2020,10.66
05/11/2020,10.68
06/11/2020,10.69
07/11/2020,10.71
08/11/2020,10.96
09/11/2020,11.81
10/11/2020,11.9
11/11/2020,11.98
12/11/2020,12.08
13/11/2020,12.06
14/11/2020,12.06
15/11/2020,12.06
16/11/2020,12.05
17/11/2020,12.01
18/11/2020,11.98
19/11/2020,11.93
20/11/2020,11.92
21/11/2020,11.88
22/11/2020,11.83
23/11/2020,11.78
24/11/2020,11.73
25/11/2020,11.7
26/11/2020,11.66
27/11/2020,11.6
28/11/2020,11.57
29/11/2020,11.53
30/11/2020,11.5
01/12/2020,11.43
02/12/2020,11.38
03/12/2020,11.34
04/12/2020,11.29
05/12/2020,11.25
06/12/2020,11.21
07/12/2020,11.35
08/12/2020,11.31
09/12/2020,11.25
10/12/2020,11.2
11/12/2020,11.17
12/12/2020,11.14
13/12/2020,11.12
14/12/2020,11.09
15/12/2020,11.05
16/12/2020,11.04
17/12/2020,11.01
18/12/2020,10.96
19/12/2020,10.92
20/12/2020,10.89
21/12/2020,10.86
22/12/2020,10.82
23/12/2020,10.78
24/12/2020,10.76
25/12/2020,10.71
26/12/2020,10.67
27/12/2020,10.64
28/12/2020,10.6
29/12/2020,10.57
30/12/2020,10.54
31/12/2020,10.51
01/01/2021,10.48
02/01/2021,10.45
03/01/2021,10.43
04/01/2021,10.41
05/01/2021,10.38
06/01/2021,10.35
07/01/2021,10.33
08/01/2021,10.31
09/01/2021,10.28
10/01/2021,10.25
11/01/2021,10.23
12/01/2021,10.22
13/01/2021,10.21
14/01/2021,10.21
15/01/2021,10.2
16/01/2021,10.18
17/01/2021,10.16
18/01/2021,10.15
19/01/2021,10.13
20/01/2021,10.11
21/01/2021,10.1
22/01/2021,10.08
23/01/2021,10.07
24/01/2021,10.05
25/01/2021,10.04
26/01/2021,10.02
27/01/2021,10.01
28/01/2021,9.99
29/01/2021,9.96
30/01/2021,9.94
31/01/2021,9.92
01/02/2021,9.91
02/02/2021,9.88
03/02/2021,9.86
04/02/2021,9.84
05/02/2021,9.83
06/02/2021,9.82
07/02/2021,9.82
08/02/2021,9.81
09/02/2021,9.81
10/02/2021,9.8
11/02/2021,9.8
12/02/2021,9.8
13/02/2021,9.81
14/02/2021,9.81
15/02/2021,9.8
16/02/2021,9.8
17/02/2021,9.8
18/02/2021,9.8
19/02/2021,9.82
20/02/2021,9.82
21/02/2021,9.82
22/02/2021,9.82
23/02/2021,9.82
24/02/2021,9.82
25/02/2021,9.83
26/02/2021,9.83
27/02/2021,9.85
28/02/2021,9.86
01/03/2021,9.86
02/03/2021,9.85
03/03/2021,9.85
04/03/2021,9.84
05/03/2021,9.85
06/03/2021,9.85
07/03/2021,9.91
08/03/2021,9.89
09/03/2021,9.88
10/03/2021,9.86
11/03/2021,9.85
12/03/2021,9.83
13/03/2021,9.81
14/03/2021,9.79
15/03/2021,9.78
16/03/2021,9.76
17/03/2021,9.74
18/03/2021,9.73
19/03/2021,9.71
20/03/2021,9.68
21/03/2021,9.66
22/03/2021,9.64
23/03/2021,9.63
24/03/2021,9.61
25/03/2021,9.6
26/03/2021,9.59
27/03/2021,9.57
28/03/2021,9.55
29/03/2021,9.53
30/03/2021,9.52
31/03/2021,9.5
01/04/2021,9.48
02/04/2021,9.46
03/04/2021,9.44
04/04/2021,9.42
05/04/2021,9.4
06/04/2021,9.39
07/04/2021,9.37
08/04/2021,9.35
09/04/2021,9.33
10/04/2021,9.31
11/04/2021,9.29
12/04/2021,9.43
13/04/2021,9.43
14/04/2021,9.41
15/04/2021,9.39
16/04/2021,9.37
17/04/2021,9.36
18/04/2021,9.33
19/04/2021,9.3
20/04/2021,9.33
21/04/2021,9.31
22/04/2021,9.29
23/04/2021,9.26
24/04/2021,9.2
25/04/2021,9.17
26/04/2021,9.13
27/04/2021,9.1
28/04/2021,9.06
29/04/2021,9.02
30/04/2021,9
01/05/2021,8.97
02/05/2021,8.94
03/05/2021,8.9
04/05/2021,8.86
05/05/2021,8.82
06/05/2021,8.79
07/05/2021,8.74
08/05/2021,8.69
09/05/2021,8.64
10/05/2021,8.61
11/05/2021,8.56
12/05/2021,8.54
13/05/2021,8.53
14/05/2021,8.49
15/05/2021,8.43
16/05/2021,8.38
17/05/2021,8.33
18/05/2021,8.28
19/05/2021,8.25
20/05/2021,8.21
21/05/2021,8.16
22/05/2021,8.1
23/05/2021,8.05
24/05/2021,8.01
25/05/2021,7.96
26/05/2021,7.94
27/05/2021,7.9
28/05/2021,7.84
29/05/2021,7.82
30/05/2021,8.07
31/05/2021,8.44
01/06/2021,8.38
02/06/2021,8.88
03/06/2021,8.95
04/06/2021,8.87
05/06/2021,8.78
06/06/2021,8.68
07/06/2021,8.6
08/06/2021,8.51
09/06/2021,8.43
10/06/2021,8.35
11/06/2021,8.3
12/06/2021,8.28
13/06/2021,8.35
14/06/2021,8.48
15/06/2021,8.71
16/06/2021,9.23
17/06/2021,9.24
18/06/2021,9.23
19/06/2021,9.23
20/06/2021,9.23
21/06/2021,9.23
22/06/2021,9.23
23/06/2021,9.23
24/06/2021,9.42
25/06/2021,9.55
26/06/2021,9.72
27/06/2021,9.8
28/06/2021,9.91
29/06/2021,9.92
30/06/2021,9.94
01/07/2021,9.91
02/07/2021,9.91
03/07/2021,9.89
04/07/2021,9.88
05/07/2021,9.98
06/07/2021,10.02
07/07/2021,10.07
08/07/2021,10.08
09/07/2021,10.07
10/07/2021,10.05
11/07/2021,10.04
12/07/2021,10.02
13/07/2021,10
14/07/2021,10.01
15/07/2021,10.01
16/07/2021,9.97
17/07/2021,9.95
18/07/2021,9.93
19/07/2021,9.92
20/07/2021,9.91
21/07/2021,9.9
22/07/2021,9.88
23/07/2021,9.86
24/07/2021,9.84
25/07/2021,9.83
26/07/2021,9.8
27/07/2021,9.77
28/07/2021,9.93
29/07/2021,9.88
30/07/2021,9.89
31/07/2021,9.88
01/08/2021,9.88
02/08/2021,9.9
03/08/2021,9.93
04/08/2021,10.15
05/08/2021,10.19
06/08/2021,10.24
07/08/2021,10.29
08/08/2021,10.3
09/08/2021,10.29
10/08/2021,10.29
11/08/2021,10.28
12/08/2021,10.26
13/08/2021,10.29
14/08/2021,10.27
15/08/2021,10.29
16/08/2021,10.28
17/08/2021,10.26
18/08/2021,10.24
19/08/2021,10.21
20/08/2021,10.19
21/08/2021,10.16
22/08/2021,10.13
23/08/2021,10.12
24/08/2021,10.1
25/08/2021,10.07
26/08/2021,10.07
27/08/2021,10.05
28/08/2021,10.03
29/08/2021,10.01
30/08/2021,10.05
31/08/2021,10.1
01/09/2021,10.11
02/09/2021,10.12
03/09/2021,10.16
04/09/2021,10.15
05/09/2021,10.1
06/09/2021,10.07
07/09/2021,10.11
08/09/2021,10.14
09/09/2021,10.1
10/09/2021,10.06
11/09/2021,10.04
12/09/2021,10.01
13/09/2021,9.99
14/09/2021,9.98
15/09/2021,10.04
16/09/2021,10.01
17/09/2021,10.04
18/09/2021,10.06
19/09/2021,10.09
20/09/2021,10.22
21/09/2021,10.25
22/09/2021,10.31
23/09/2021,10.3
24/09/2021,10.34
25/09/2021,10.33
26/09/2021,10.33
27/09/2021,10.32
28/09/2021,10.32
29/09/2021,10.32
30/09/2021,10.32
01/10/2021,10.31
02/10/2021,10.3
03/10/2021,10.29
04/10/2021,10.29
05/10/2021,10.29
06/10/2021,10.29
07/10/2021,10.32
08/10/2021,10.32
09/10/2021,10.34
10/10/2021,10.4
11/10/2021,10.38
12/10/2021,10.36
13/10/2021,10.35
14/10/2021,10.34
15/10/2021,10.33
16/10/2021,10.31
17/10/2021,10.29
18/10/2021,10.26
19/10/2021,10.2
20/10/2021,10.15
21/10/2021,10.11
22/10/2021,10.08
23/10/2021,10.07
24/10/2021,10.05
25/10/2021,10.09
26/10/2021,10.06
27/10/2021,10.04
28/10/2021,10.01
29/10/2021,10.01
30/10/2021,9.99
31/10/2021,9.97
01/11/2021,9.94
02/11/2021,9.92
03/11/2021,9.9
04/11/2021,9.87
05/11/2021,10.1
06/11/2021,10.08
07/11/2021,10.05
08/11/2021,10.03
09/11/2021,10.02
10/11/2021,10.02
11/11/2021,10.02
12/11/2021,10.03
13/11/2021,10.05
14/11/2021,10.05
15/11/2021,10.05
16/11/2021,10.05
17/11/2021,10.04
18/11/2021,10.03
19/11/2021,10.05
20/11/2021,10.08
21/11/2021,10.1
22/11/2021,10.14
23/11/2021,10.12
24/11/2021,10.08
25/11/2021,10.05
26/11/2021,10.01
27/11/2021,9.97
28/11/2021,9.92
29/11/2021,9.89
30/11/2021,9.85
01/12/2021,9.82
02/12/2021,9.79
03/12/2021,9.76
04/12/2021,9.74
05/12/2021,9.72
06/12/2021,9.7
07/12/2021,9.69
08/12/2021,9.68
09/12/2021,9.66
10/12/2021,9.65
11/12/2021,9.65
12/12/2021,9.64
13/12/2021,9.63
14/12/2021,9.61
15/12/2021,9.61
16/12/2021,9.6
17/12/2021,9.59
18/12/2021,9.59
19/12/2021,9.58
20/12/2021,9.57
21/12/2021,9.57
22/12/2021,9.56
23/12/2021,9.55
24/12/2021,9.54
25/12/2021,9.53
26/12/2021,9.52
27/12/2021,9.51
28/12/2021,9.5
29/12/2021,9.49
30/12/2021,9.49
31/12/2021,9.48
01/01/2022,9.47
02/01/2022,9.46
03/01/2022,9.45
04/01/2022,9.45
05/01/2022,9.44
06/01/2022,9.43
07/01/2022,9.42
08/01/2022,9.41
09/01/2022,9.4
10/01/2022,9.4
11/01/2022,9.4
12/01/2022,9.39
13/01/2022,9.38
14/01/2022,9.38
15/01/2022,9.36
16/01/2022,9.37
17/01/2022,9.38
18/01/2022,9.38
19/01/2022,9.37
20/01/2022,9.36
21/01/2022,9.37
22/01/2022,9.37
23/01/2022,9.36
24/01/2022,9.36
25/01/2022,9.35
26/01/2022,9.35
27/01/2022,9.37
28/01/2022,9.38
29/01/2022,9.41
30/01/2022,9.44
31/01/2022,9.46
01/02/2022,9.47
02/02/2022,9.48
03/02/2022,9.48
04/02/2022,9.49
05/02/2022,9.49
06/02/2022,9.53
07/02/2022,9.52
08/02/2022,9.51
09/02/2022,9.53
10/02/2022,9.54
11/02/2022,9.54
12/02/2022,9.55
13/02/2022,9.64
14/02/2022,9.63
15/02/2022,9.63
16/02/2022,9.63
17/02/2022,9.63
18/02/2022,9.63
19/02/2022,9.62
20/02/2022,9.61
21/02/2022,9.6
22/02/2022,9.59
23/02/2022,9.59
24/02/2022,9.58
25/02/2022,9.57
26/02/2022,9.55
27/02/2022,9.54
28/02/2022,9.53
01/03/2022,9.51
02/03/2022,9.5
03/03/2022,9.5
04/03/2022,9.49
05/03/2022,9.47
06/03/2022,9.46
07/03/2022,9.45
08/03/2022,9.44
09/03/2022,9.44
10/03/2022,9.42
11/03/2022,9.42
12/03/2022,9.41
13/03/2022,9.4
14/03/2022,9.39
15/03/2022,9.38
16/03/2022,9.4
17/03/2022,9.41
18/03/2022,9.4
19/03/2022,9.39
20/03/2022,9.38
21/03/2022,9.36
22/03/2022,9.34
23/03/2022,9.32
24/03/2022,9.31
25/03/2022,9.29
26/03/2022,9.26
27/03/2022,9.22
28/03/2022,9.17
29/03/2022,9.13
30/03/2022,9.09
31/03/2022,9.06
01/04/2022,9.03
02/04/2022,9
03/04/2022,9.12
04/04/2022,9.1
05/04/2022,9.1
06/04/2022,9.07
07/04/2022,9.04
08/04/2022,8.99
09/04/2022,8.95
10/04/2022,8.9
11/04/2022,8.85
12/04/2022,8.81
13/04/2022,8.75
14/04/2022,8.71
15/04/2022,8.87
16/04/2022,8.85
17/04/2022,8.79
18/04/2022,8.73
19/04/2022,8.66
20/04/2022,8.6
21/04/2022,8.54
22/04/2022,8.49
23/04/2022,8.44
24/04/2022,8.4
25/04/2022,8.36
26/04/2022,8.32
27/04/2022,8.29
28/04/2022,8.28
29/04/2022,8.55
30/04/2022,9
01/05/2022,9
02/05/2022,8.97
03/05/2022,8.95
04/05/2022,8.93
05/05/2022,8.88
06/05/2022,8.83
07/05/2022,8.78
08/05/2022,8.86
09/05/2022,8.79
10/05/2022,8.73
11/05/2022,8.65
12/05/2022,8.6
13/05/2022,8.81
14/05/2022,8.75
15/05/2022,8.91
16/05/2022,8.87
17/05/2022,8.86
18/05/2022,8.81
19/05/2022,8.74
20/05/2022,8.69
21/05/2022,9.3
22/05/2022,9.34
23/05/2022,9.35
24/05/2022,9.35
25/05/2022,9.33
26/05/2022,9.31
27/05/2022,9.28
28/05/2022,9.27
29/05/2022,9.26
30/05/2022,9.25
31/05/2022,9.24
01/06/2022,9.23
02/06/2022,9.21
03/06/2022,9.24
04/06/2022,9.46
05/06/2022,9.57
06/06/2022,9.65
07/06/2022,9.68
08/06/2022,9.68
09/06/2022,9.71
10/06/2022,9.72
11/06/2022,9.89
12/06/2022,9.88
13/06/2022,9.88
14/06/2022,9.89
15/06/2022,9.93
16/06/2022,9.95
17/06/2022,9.96
18/06/2022,9.95
19/06/2022,9.92
20/06/2022,9.89
21/06/2022,9.87
22/06/2022,9.85
23/06/2022,9.82
24/06/2022,9.79
25/06/2022,9.83
26/06/2022,9.81
27/06/2022,9.83
28/06/2022,9.84
29/06/2022,9.8
30/06/2022,9.79
01/07/2022,9.78
02/07/2022,9.78
03/07/2022,9.77
04/07/2022,9.77
05/07/2022,9.77
06/07/2022,9.78
07/07/2022,9.79
08/07/2022,9.79
09/07/2022,9.79
10/07/2022,9.79
11/07/2022,9.8
12/07/2022,9.79
13/07/2022,9.8
14/07/2022,9.82
15/07/2022,9.81
16/07/2022,9.81
17/07/2022,9.89
18/07/2022,9.95
19/07/2022,9.97
20/07/2022,9.96
21/07/2022,9.96
22/07/2022,9.95
23/07/2022,9.95
24/07/2022,9.93
25/07/2022,9.91
26/07/2022,9.88
27/07/2022,9.94
28/07/2022,9.91
29/07/2022,9.88
30/07/2022,9.84
31/07/2022,9.81
01/08/2022,9.78
02/08/2022,9.75
03/08/2022,9.73
04/08/2022,9.71
05/08/2022,9.69
06/08/2022,9.67
07/08/2022,9.64
08/08/2022,9.63
09/08/2022,9.61
10/08/2022,9.59
11/08/2022,9.57
12/08/2022,9.55
13/08/2022,9.52
14/08/2022,9.51
15/08/2022,9.56
16/08/2022,9.56
17/08/2022,9.56
18/08/2022,9.55
19/08/2022,9.52
20/08/2022,9.5
21/08/2022,9.48
22/08/2022,9.46
23/08/2022,9.45
24/08/2022,9.45
25/08/2022,9.5
26/08/2022,9.52
27/08/2022,9.51
28/08/2022,9.65
29/08/2022,9.69
30/08/2022,9.68
31/08/2022,9.65
01/09/2022,9.64
02/09/2022,9.64
03/09/2022,9.68
04/09/2022,9.67
05/09/2022,9.65
06/09/2022,9.63
07/09/2022,9.62
08/09/2022,9.6
09/09/2022,9.64
10/09/2022,9.63
11/09/2022,9.61
12/09/2022,9.7
13/09/2022,9.71
14/09/2022,9.92
15/09/2022,9.9
16/09/2022,9.91
17/09/2022,9.91
18/09/2022,10.07
19/09/2022,10.09
20/09/2022,10.13
21/09/2022,10.2
22/09/2022,10.26
23/09/2022,10.28
24/09/2022,10.29
25/09/2022,10.3
26/09/2022,10.33
27/09/2022,10.52
28/09/2022,10.78
29/09/2022,10.77
30/09/2022,10.74
01/10/2022,10.72
02/10/2022,10.7
03/10/2022,10.69
04/10/2022,10.68
05/10/2022,10.67
06/10/2022,10.62
07/10/2022,10.59
08/10/2022,10.56
09/10/2022,10.54
10/10/2022,10.53
11/10/2022,10.5
12/10/2022,10.46
13/10/2022,10.44
14/10/2022,10.44
15/10/2022,10.42
16/10/2022,10.39
17/10/2022,10.38
18/10/2022,10.37
19/10/2022,10.36
20/10/2022,10.35
21/10/2022,10.33
22/10/2022,10.33
23/10/2022,10.31
24/10/2022,10.3
25/10/2022,10.28
26/10/2022,10.26
27/10/2022,10.24
28/10/2022,10.2
29/10/2022,10.16
30/10/2022,10.12
31/10/2022,10.08
01/11/2022,10.06
02/11/2022,10.04
03/11/2022,10.03
04/11/2022,10.01
05/11/2022,9.99
06/11/2022,9.98
07/11/2022,9.97
08/11/2022,9.95
09/11/2022,9.94
10/11/2022,9.96
11/11/2022,9.98
12/11/2022,9.99
13/11/2022,10.01
14/11/2022,10.01
15/11/2022,9.99
16/11/2022,9.97
17/11/2022,9.94
18/11/2022,9.92
19/11/2022,9.9
20/11/2022,9.91
21/11/2022,9.94
22/11/2022,9.93
23/11/2022,9.92
24/11/2022,9.92
25/11/2022,9.9
26/11/2022,9.88
27/11/2022,9.87
28/11/2022,9.85
29/11/2022,9.83
30/11/2022,9.82
01/12/2022,9.82
02/12/2022,9.81
03/12/2022,9.8
04/12/2022,9.79
05/12/2022,9.78
06/12/2022,9.77
07/12/2022,9.76
08/12/2022,9.75
09/12/2022,9.74
10/12/2022,9.73
11/12/2022,9.71
12/12/2022,9.7
13/12/2022,9.69
14/12/2022,9.68
15/12/2022,9.67
16/12/2022,9.65
17/12/2022,9.67
18/12/2022,9.66
19/12/2022,9.65
20/12/2022,9.63
21/12/2022,9.63
22/12/2022,9.62
23/12/2022,9.61
24/12/2022,9.59
25/12/2022,9.57
26/12/2022,9.57
27/12/2022,9.59
28/12/2022,9.59
29/12/2022,9.58
30/12/2022,9.57
31/12/2022,9.56
01/01/2023,9.55
02/01/2023,9.54
03/01/2023,9.53
04/01/2023,9.52
05/01/2023,9.51
06/01/2023,9.5
07/01/2023,9.49
08/01/2023,9.48
09/01/2023,9.47
10/01/2023,9.46
11/01/2023,9.45
12/01/2023,9.44
13/01/2023,9.44
14/01/2023,9.43
15/01/2023,9.42
16/01/2023,9.41
17/01/2023,9.4
18/01/2023,9.39
19/01/2023,9.39
20/01/2023,9.38
21/01/2023,9.38
22/01/2023,9.37
23/01/2023,9.36
24/01/2023,9.36
25/01/2023,9.35
26/01/2023,9.34
27/01/2023,9.33
28/01/2023,9.32
29/01/2023,9.31
30/01/2023,9.3
31/01/2023,9.3
01/02/2023,9.29
02/02/2023,9.28
03/02/2023,9.27
04/02/2023,9.25
05/02/2023,9.32
06/02/2023,9.33
07/02/2023,9.32
08/02/2023,9.31
09/02/2023,9.3
10/02/2023,9.29
11/02/2023,9.27
12/02/2023,9.25
13/02/2023,9.22
14/02/2023,9.2
15/02/2023,9.18
16/02/2023,9.16
17/02/2023,9.14
18/02/2023,9.13
19/02/2023,9.11
20/02/2023,9.1
21/02/2023,9.07
22/02/2023,9.05
23/02/2023,9.02
24/02/2023,8.99
25/02/2023,8.97
26/02/2023,8.94
27/02/2023,8.92
28/02/2023,8.88
01/03/2023,8.84
02/03/2023,8.8
03/03/2023,8.76
04/03/2023,8.72
05/03/2023,8.67
06/03/2023,8.63
07/03/2023,8.61
08/03/2023,8.7
09/03/2023,8.68
10/03/2023,8.63
11/03/2023,8.59
12/03/2023,8.55
13/03/2023,8.5
14/03/2023,8.59
15/03/2023,8.53
16/03/2023,8.49
17/03/2023,8.44
18/03/2023,8.4
19/03/2023,8.36
20/03/2023,8.49
21/03/2023,8.43
22/03/2023,8.37
23/03/2023,8.33
24/03/2023,8.28
25/03/2023,8.25
26/03/2023,8.22
27/03/2023,8.2
28/03/2023,8.18
29/03/2023,8.17
30/03/2023,8.77
31/03/2023,8.71
01/04/2023,8.61
02/04/2023,8.58
03/04/2023,8.56
04/04/2023,8.82
05/04/2023,8.75
06/04/2023,8.67
07/04/2023,8.6
08/04/2023,8.55
09/04/2023,8.54
10/04/2023,8.76
11/04/2023,8.71
12/04/2023,8.9
13/04/2023,8.97
14/04/2023,9.22
15/04/2023,9.19
16/04/2023,9.18
17/04/2023,9.29
18/04/2023,9.3
19/04/2023,9.27
20/04/2023,9.25
21/04/2023,9.22
22/04/2023,9.22
23/04/2023,9.22
24/04/2023,9.22
25/04/2023,9.23
26/04/2023,9.23
27/04/2023,9.22
28/04/2023,9.22
29/04/2023,9.37
30/04/2023,9.42
01/05/2023,9.46
02/05/2023,9.48
03/05/2023,9.49
04/05/2023,9.49
05/05/2023,9.51
06/05/2023,9.52
07/05/2023,9.54
08/05/2023,9.54
09/05/2023,9.53
10/05/2023,9.52
11/05/2023,9.51
12/05/2023,9.5
13/05/2023,9.49
14/05/2023,9.46
15/05/2023,9.44
16/05/2023,9.42
17/05/2023,9.39
18/05/2023,9.37
19/05/2023,9.34
20/05/2023,9.32
21/05/2023,9.29
22/05/2023,9.28
23/05/2023,9.52
24/05/2023,9.52
25/05/2023,9.51
26/05/2023,9.55
27/05/2023,9.57
28/05/2023,9.58
29/05/2023,9.58
30/05/2023,9.59
31/05/2023,9.71
01/06/2023,9.73
02/06/2023,9.73
03/06/2023,9.73
04/06/2023,9.73
05/06/2023,10.02
06/06/2023,9.98
07/06/2023,9.97
08/06/2023,9.96
09/06/2023,9.96
10/06/2023,9.95
11/06/2023,9.95
12/06/2023,9.95
13/06/2023,10.02
14/06/2023,10.07
15/06/2023,10.09
16/06/2023,10.07
17/06/2023,10.06
18/06/2023,10.12
19/06/2023,10.11
20/06/2023,10.13
21/06/2023,10.24
22/06/2023,10.22
23/06/2023,10.18
24/06/2023,10.14
25/06/2023,10.12
26/06/2023,10.09
27/06/2023,10.07
28/06/2023,10.04
29/06/2023,10.03
30/06/2023,10.02
01/07/2023,10.01
02/07/2023,10
03/07/2023,10.07
04/07/2023,10.16
05/07/2023,10.15
06/07/2023,10.13
07/07/2023,10.09
08/07/2023,10.07
09/07/2023,10.05
10/07/2023,10.03
11/07/2023,10.02
12/07/2023,10
13/07/2023,9.99
14/07/2023,9.99
15/07/2023,10.01
16/07/2023,10.02
17/07/2023,9.99
18/07/2023,9.99
19/07/2023,10.04
20/07/2023,10.03
21/07/2023,10.03
22/07/2023,10.05
23/07/2023,10.1
24/07/2023,10.1
25/07/2023,10.09
26/07/2023,10.08
27/07/2023,10.11
28/07/2023,10.11
29/07/2023,10.1
30/07/2023,10.08
31/07/2023,10.08
01/08/2023,10.09
02/08/2023,10.11
03/08/2023,10.26
04/08/2023,10.23
05/08/2023,10.18
06/08/2023,10.16
07/08/2023,10.13
08/08/2023,10.11
09/08/2023,10.13
10/08/2023,10.12
11/08/2023,10.21
12/08/2023,10.25
13/08/2023,10.26
14/08/2023,10.34
15/08/2023,10.32
16/08/2023,10.31
17/08/2023,10.3
18/08/2023,10.31
19/08/2023,10.35
20/08/2023,10.36
21/08/2023,10.36
22/08/2023,10.35
23/08/2023,10.33
24/08/2023,10.32
25/08/2023,10.3
26/08/2023,10.26
27/08/2023,10.22
28/08/2023,10.21
29/08/2023,10.2
30/08/2023,10.26
31/08/2023,10.25
01/09/2023,10.33
02/09/2023,10.33
03/09/2023,10.29
04/09/2023,10.26
05/09/2023,10.24
06/09/2023,10.23
07/09/2023,10.22
08/09/2023,10.21
09/09/2023,10.21
10/09/2023,10.21
11/09/2023,10.26
12/09/2023,10.26
13/09/2023,10.28
14/09/2023,10.28
15/09/2023,10.28
16/09/2023,10.27
17/09/2023,10.25
18/09/2023,10.24
19/09/2023,10.24
20/09/2023,10.29
21/09/2023,10.3
22/09/2023,10.31
23/09/2023,10.3
24/09/2023,10.3
25/09/2023,10.32
26/09/2023,10.33
27/09/2023,10.34
28/09/2023,10.34
29/09/2023,10.33
30/09/2023,10.33
01/10/2023,10.46
02/10/2023,10.45
03/10/2023,10.43
04/10/2023,10.41
05/10/2023,10.41
06/10/2023,10.42
07/10/2023,10.42
08/10/2023,10.45
09/10/2023,10.49
10/10/2023,10.5
11/10/2023,10.5
12/10/2023,10.51
13/10/2023,10.51
14/10/2023,10.51
15/10/2023,10.52
16/10/2023,10.49
17/10/2023,10.46
18/10/2023,10.43
19/10/2023,10.41
20/10/2023,10.38
21/10/2023,10.35
22/10/2023,10.32
23/10/2023,10.29
24/10/2023,10.27
25/10/2023,10.24
26/10/2023,10.22
27/10/2023,10.19
28/10/2023,10.17
29/10/2023,10.14
30/10/2023,10.11
31/10/2023,10.08
01/11/2023,10.05
02/11/2023,10.02
03/11/2023,9.99
04/11/2023,9.97
05/11/2023,9.95
06/11/2023,9.92
07/11/2023,9.9
08/11/2023,9.88
09/11/2023,9.86
10/11/2023,9.85
11/11/2023,9.83
12/11/2023,9.81
13/11/2023,9.8
14/11/2023,9.79
15/11/2023,9.96
16/11/2023,10.22
17/11/2023,10.2
18/11/2023,10.18
19/11/2023,10.16
20/11/2023,10.16
21/11/2023,10.16
22/11/2023,10.17
23/11/2023,10.18
24/11/2023,10.17
25/11/2023,10.17
26/11/2023,10.18
27/11/2023,10.19
28/11/2023,10.19
29/11/2023,10.18
30/11/2023,10.18
01/12/2023,10.17
02/12/2023,10.17
03/12/2023,10.16
04/12/2023,10.13
05/12/2023,10.11
06/12/2023,10.09
07/12/2023,10.07
08/12/2023,10.05
09/12/2023,10.03
10/12/2023,10.01
11/12/2023,10
12/12/2023,9.97
13/12/2023,9.96
14/12/2023,9.96
15/12/2023,9.95
16/12/2023,9.99
17/12/2023,10.13
18/12/2023,10.13
19/12/2023,10.13
20/12/2023,10.13
21/12/2023,10.14
22/12/2023,10.14
23/12/2023,10.14
24/12/2023,10.13
25/12/2023,10.12
26/12/2023,10.16
27/12/2023,10.15
28/12/2023,10.19
29/12/2023,10.19
30/12/2023,10.18
31/12/2023,10.18
01/01/2024,10.16
02/01/2024,10.13
03/01/2024,10.11
04/01/2024,10.1
05/01/2024,10.09
06/01/2024,10.1
07/01/2024,10.14
08/01/2024,10.14
09/01/2024,10.17
10/01/2024,10.18
11/01/2024,10.19
12/01/2024,10.22
13/01/2024,10.22
14/01/2024,10.28
15/01/2024,10.3
16/01/2024,10.31
17/01/2024,10.3
18/01/2024,10.3
19/01/2024,10.35
20/01/2024,10.37
21/01/2024,10.34
22/01/2024,10.32
23/01/2024,10.29
24/01/2024,10.27
25/01/2024,10.25
26/01/2024,10.23
27/01/2024,10.22
28/01/2024,10.19
29/01/2024,10.15
30/01/2024,10.11
31/01/2024,10.09
01/02/2024,10.06
02/02/2024,10.05
03/02/2024,10.03
04/02/2024,10.02
05/02/2024,10.01
06/02/2024,9.99
07/02/2024,9.97
08/02/2024,9.95
09/02/2024,9.93
10/02/2024,9.91
11/02/2024,9.89
12/02/2024,9.88
13/02/2024,9.86
14/02/2024,9.83
15/02/2024,9.81
16/02/2024,9.79
17/02/2024,9.78
18/02/2024,9.83
19/02/2024,10.04
20/02/2024,10.03
21/02/2024,10.01
22/02/2024,9.99
23/02/2024,9.98
24/02/2024,9.97
25/02/2024,9.94
26/02/2024,9.92
27/02/2024,9.9
28/02/2024,9.89
29/02/2024,9.87
01/03/2024,9.86
02/03/2024,9.84
03/03/2024,9.83
04/03/2024,9.83
05/03/2024,9.83
06/03/2024,9.86
07/03/2024,9.87
08/03/2024,9.89
09/03/2024,9.88
10/03/2024,9.87
11/03/2024,9.85
12/03/2024,9.83
13/03/2024,9.81
14/03/2024,9.79
15/03/2024,9.78
16/03/2024,9.76
17/03/2024,9.75
18/03/2024,9.73
19/03/2024,9.72
20/03/2024,9.7
21/03/2024,9.68
22/03/2024,9.73
23/03/2024,9.97
24/03/2024,9.96
25/03/2024,9.94
26/03/2024,9.92
27/03/2024,9.92
28/03/2024,9.91
29/03/2024,9.9
30/03/2024,9.88
31/03/2024,9.87
01/04/2024,9.86
02/04/2024,9.84
03/04/2024,9.82
04/04/2024,9.81
05/04/2024,9.8
06/04/2024,9.79
07/04/2024,9.78
08/04/2024,9.76
09/04/2024,9.74
10/04/2024,9.73
11/04/2024,9.71
12/04/2024,9.69
13/04/2024,9.67
14/04/2024,9.65
15/04/2024,9.64
16/04/2024,9.63
17/04/2024,9.61
18/04/2024,9.6
19/04/2024,9.59
20/04/2024,9.58
21/04/2024,9.57
22/04/2024,9.55
23/04/2024,9.54
24/04/2024,9.52
25/04/2024,9.5
26/04/2024,9.48
27/04/2024,9.47
28/04/2024,9.45
29/04/2024,9.44
30/04/2024,9.42
01/05/2024,9.42
02/05/2024,9.41
03/05/2024,9.39
04/05/2024,9.38
05/05/2024,9.36
06/05/2024,9.35
07/05/2024,9.33
08/05/2024,9.31
09/05/2024,9.28
10/05/2024,9.26
11/05/2024,9.2
12/05/2024,9.17
13/05/2024,9.15
14/05/2024,9.12
15/05/2024,9.09
16/05/2024,9.07
17/05/2024,9.06
18/05/2024,9.03
19/05/2024,8.99
20/05/2024,8.94
21/05/2024,8.9
22/05/2024,8.87
23/05/2024,8.86
24/05/2024,8.81
25/05/2024,8.77
26/05/2024,8.81
27/05/2024,8.75
28/05/2024,8.7
29/05/2024,8.73
30/05/2024,9.09
31/05/2024,9.09
01/06/2024,9.05
02/06/2024,9.21
03/06/2024,9.32
04/06/2024,9.32
05/06/2024,9.32
06/06/2024,9.31
07/06/2024,9.46
08/06/2024,9.5
09/06/2024,9.49
10/06/2024,9.5
11/06/2024,9.58
12/06/2024,10.19
13/06/2024,10.82
14/06/2024,10.9
15/06/2024,10.86
16/06/2024,10.81
17/06/2024,10.76
18/06/2024,10.71
19/06/2024,10.68
20/06/2024,10.61
21/06/2024,10.55
22/06/2024,10.51
23/06/2024,10.47
24/06/2024,10.44
25/06/2024,10.42
26/06/2024,10.46
27/06/2024,10.44
28/06/2024,10.41
29/06/2024,10.41
30/06/2024,10.4
01/07/2024,10.41
02/07/2024,10.4
03/07/2024,10.37
04/07/2024,10.35
05/07/2024,10.3
06/07/2024,10.37
07/07/2024,10.33
08/07/2024,10.37
09/07/2024,10.35
10/07/2024,10.32
11/07/2024,10.29
12/07/2024,10.29
13/07/2024,10.26
14/07/2024,10.24
15/07/2024,10.21
16/07/2024,10.17
17/07/2024,10.13
18/07/2024,10.1
19/07/2024,10.1
20/07/2024,10.1
21/07/2024,10.1
22/07/2024,10.15
23/07/2024,10.16
24/07/2024,10.19
25/07/2024,10.17
26/07/2024,10.15
27/07/2024,10.17
28/07/2024,10.15
29/07/2024,10.13
30/07/2024,10.19
31/07/2024,10.19
01/08/2024,10.17
02/08/2024,10.15
03/08/2024,10.15
04/08/2024,10.31
05/08/2024,10.33
06/08/2024,10.32
07/08/2024,10.33
08/08/2024,10.3
09/08/2024,10.32
10/08/2024,10.3
11/08/2024,10.28
12/08/2024,10.26
13/08/2024,10.25
14/08/2024,10.22
15/08/2024,10.2
16/08/2024,10.2
17/08/2024,10.17
18/08/2024,10.14
19/08/2024,10.12
20/08/2024,10.1
21/08/2024,10.1
22/08/2024,10.15
23/08/2024,10.14
24/08/2024,10.12
25/08/2024,10.11
26/08/2024,10.09
27/08/2024,10.06
28/08/2024,10.04
29/08/2024,10.02
30/08/2024,10.01
31/08/2024,10
01/09/2024,10
02/09/2024,10.03
03/09/2024,10.09
04/09/2024,10.09
05/09/2024,10.09
06/09/2024,10.09
07/09/2024,10.08
08/09/2024,10.09
09/09/2024,10.07
10/09/2024,10.41
11/09/2024,10.54
12/09/2024,10.6
13/09/2024,10.64
14/09/2024,10.66
15/09/2024,10.71
16/09/2024,10.77
17/09/2024,10.76
18/09/2024,10.75
19/09/2024,10.85
20/09/2024,10.93
21/09/2024,10.91
22/09/2024,10.92
23/09/2024,10.9
24/09/2024,10.86
25/09/2024,10.83
26/09/2024,10.89
27/09/2024,10.88
28/09/2024,10.86
29/09/2024,10.83
30/09/2024,10.79
01/10/2024,10.75
02/10/2024,10.73
03/10/2024,10.71
04/10/2024,10.68
05/10/2024,10.65
06/10/2024,10.64
07/10/2024,10.64
08/10/2024,10.71
09/10/2024,10.76
10/10/2024,10.79
11/10/2024,10.79
12/10/2024,10.75
13/10/2024,10.73
14/10/2024,10.71
15/10/2024,10.69
16/10/2024,10.67
17/10/2024,10.64
18/10/2024,10.61
19/10/2024,10.58
20/10/2024,10.54
21/10/2024,10.51
22/10/2024,10.48
23/10/2024,10.45
24/10/2024,10.42
25/10/2024,10.4
26/10/2024,10.37
27/10/2024,10.35
28/10/2024,10.31
29/10/2024,10.29
30/10/2024,10.27
31/10/2024,10.34
01/11/2024,10.3
02/11/2024,10.27
03/11/2024,10.25
04/11/2024,10.21
05/11/2024,10.2
06/11/2024,10.18
07/11/2024,10.15
08/11/2024,10.13
09/11/2024,10.1
10/11/2024,10.07
11/11/2024,10.05
12/11/2024,10.02
13/11/2024,10
14/11/2024,9.97
15/11/2024,9.94
16/11/2024,9.91
17/11/2024,9.88
18/11/2024,9.86
19/11/2024,9.84
20/11/2024,9.82
21/11/2024,9.8
22/11/2024,9.78
23/11/2024,9.75
24/11/2024,9.73
25/11/2024,9.71
26/11/2024,9.7
27/11/2024,9.68
28/11/2024,9.67
29/11/2024,9.66
30/11/2024,9.64
01/12/2024,9.63
02/12/2024,9.61
03/12/2024,9.6
04/12/2024,9.59
05/12/2024,9.57
06/12/2024,9.57
07/12/2024,9.56
08/12/2024,9.55
09/12/2024,9.55
10/12/2024,9.54
11/12/2024,9.54
12/12/2024,9.52
13/12/2024,9.52
14/12/2024,9.51
15/12/2024,9.51
16/12/2024,9.51
17/12/2024,9.5
18/12/2024,9.52
19/12/2024,9.55
20/12/2024,9.55
21/12/2024,9.55
22/12/2024,9.56
23/12/2024,9.58
24/12/2024,9.59
25/12/2024,9.6
26/12/2024,9.6
27/12/2024,9.6
28/12/2024,9.6
29/12/2024,9.67
30/12/2024,9.67
31/12/2024,9.66
01/01/2025,9.65
02/01/2025,9.64
03/01/2025,9.63
04/01/2025,9.62
05/01/2025,9.61
06/01/2025,9.6
07/01/2025,9.59
08/01/2025,9.58
09/01/2025,9.57
10/01/2025,9.56
11/01/2025,9.56
12/01/2025,9.56
13/01/2025,9.55
14/01/2025,9.55
15/01/2025,9.54
16/01/2025,9.53
17/01/2025,9.52
18/01/2025,9.54
19/01/2025,9.53
20/01/2025,9.53
21/01/2025,9.54
22/01/2025,9.54
23/01/2025,9.55
24/01/2025,9.55
25/01/2025,9.54
26/01/2025,9.53
27/01/2025,9.53
28/01/2025,9.52
29/01/2025,9.51
30/01/2025,9.51
31/01/2025,9.5
01/02/2025,9.5
02/02/2025,9.49
03/02/2025,9.49
04/02/2025,9.49
05/02/2025,9.48
06/02/2025,9.48
07/02/2025,9.47
08/02/2025,9.47
09/02/2025,9.47
10/02/2025,9.47
11/02/2025,9.46
12/02/2025,9.46
13/02/2025,9.46
14/02/2025,9.46
15/02/2025,9.45
16/02/2025,9.44
17/02/2025,9.44
18/02/2025,9.43
19/02/2025,9.44
20/02/2025,9.44
21/02/2025,9.43
22/02/2025,9.43
23/02/2025,9.42
24/02/2025,9.43
25/02/2025,9.48
26/02/2025,9.48
27/02/2025,9.49
28/02/2025,9.52
01/03/2025,9.54
02/03/2025,9.56
03/03/2025,9.57
04/03/2025,9.57
05/03/2025,9.57
06/03/2025,9.57
07/03/2025,9.56
08/03/2025,9.57
09/03/2025,9.58
10/03/2025,9.58
11/03/2025,9.58
12/03/2025,9.57
13/03/2025,9.57
14/03/2025,9.57
15/03/2025,9.57
16/03/2025,9.57
17/03/2025,9.57
18/03/2025,9.56
19/03/2025,9.55
20/03/2025,9.54
21/03/2025,9.53
22/03/2025,9.52
23/03/2025,9.51
24/03/2025,9.51
25/03/2025,9.51
26/03/2025,9.51
27/03/2025,9.5
28/03/2025,9.49
29/03/2025,9.48
30/03/2025,9.5
31/03/2025,9.5
01/04/2025,9.52
02/04/2025,9.52
03/04/2025,9.51
04/04/2025,9.5
05/04/2025,9.49
06/04/2025,9.48
07/04/2025,9.47
08/04/2025,9.51
09/04/2025,9.51
10/04/2025,9.5
11/04/2025,9.49
12/04/2025,9.48
13/04/2025,9.46
14/04/2025,9.45
15/04/2025,9.43
16/04/2025,9.41
17/04/2025,9.39
18/04/2025,9.38
19/04/2025,9.36
20/04/2025,9.33
21/04/2025,9.31
22/04/2025,9.29
23/04/2025,9.27
24/04/2025,9.24
25/04/2025,9.22
26/04/2025,9.21
27/04/2025,9.21
28/04/2025,9.21
29/04/2025,9.21
30/04/2025,9.21
01/05/2025,9.21
02/05/2025,9.21
03/05/2025,9.21
04/05/2025,9.21
05/05/2025,9.21
06/05/2025,9.52
07/05/2025,9.53
08/05/2025,9.51
09/05/2025,9.49
10/05/2025,9.46
11/05/2025,9.44
12/05/2025,9.49
13/05/2025,9.6
14/05/2025,9.57
15/05/2025,9.54
16/05/2025,9.52
17/05/2025,9.5
18/05/2025,9.48
19/05/2025,9.45
20/05/2025,9.43
21/05/2025,9.41
22/05/2025,9.39
23/05/2025,9.39
24/05/2025,9.61
25/05/2025,9.6
26/05/2025,9.57
27/05/2025,9.58
28/05/2025,9.57
29/05/2025,9.56
30/05/2025,9.56
31/05/2025,9.56
01/06/2025,9.57
02/06/2025,9.57
03/06/2025,9.6
04/06/2025,9.6
05/06/2025,9.58
06/06/2025,9.56
07/06/2025,9.54
08/06/2025,9.51
09/06/2025,9.49
10/06/2025,9.47
11/06/2025,9.47
12/06/2025,9.46
13/06/2025,9.52
14/06/2025,9.51
15/06/2025,9.5
16/06/2025,9.49
17/06/2025,9.48
18/06/2025,9.46
19/06/2025,9.47
20/06/2025,9.49
21/06/2025,9.49
22/06/2025,9.49
23/06/2025,9.5
24/06/2025,9.5
25/06/2025,9.54
26/06/2025,9.53
27/06/2025,9.53
28/06/2025,9.63
29/06/2025,9.63
30/06/2025,9.84
01/07/2025,9.82
02/07/2025,9.92
03/07/2025,9.91
04/07/2025,9.91
05/07/2025,9.9
06/07/2025,9.87
07/07/2025,9.86
08/07/2025,9.84
09/07/2025,9.82
10/07/2025,9.79
11/07/2025,9.78
12/07/2025,9.88
13/07/2025,9.86
14/07/2025,9.83
15/07/2025,9.83
16/07/2025,9.85
17/07/2025,9.85
18/07/2025,9.86
19/07/2025,9.85
20/07/2025,9.85
21/07/2025,9.84
22/07/2025,9.83
23/07/2025,9.84
24/07/2025,9.84
25/07/2025,9.85
26/07/2025,9.85
27/07/2025,9.84
28/07/2025,9.84
29/07/2025,9.83
30/07/2025,9.82
31/07/2025,9.81
01/08/2025,9.79
02/08/2025,9.78
03/08/2025,9.77
04/08/2025,9.75
05/08/2025,9.75
